Nova_Name,SIMBAD_Name,Input_Name,Nova_Aliases,Discovery_Date,Nova_Otypes,is_nova,is_recurrent,Peak_Mag,Filter,Uncertainty
CK Vul,CK Vul,CK Vul,TIC 452248097|WISEA J194738.01+271842.3|Gaia DR3 2027981169466476544|AAVSO 1943+27|NOVA Vul 1670|CK Vul|2MASS J19473793+2718418|WISE J194737.93+271842.7|[HVZ2013] variable 1|Gaia DR2 2027981169466476544|*  11 Vul,1670-06-20,*|CV*|LP?|MIR|NIR|No*|V*,True,False,,,False
V841 Oph,V841 Oph,V841 Oph,TIC 434649444|UCAC4 386-075400|WISE J165930.37-125327.0|WISEA J165930.37-125327.1|Gaia DR3 4333061392472253440|2E  3793|AAVSO 1653-12|BD-12  4633|EM* CDS  909|GCRV 66682|NOVA Oph 1848|V841 Oph|2MASS J16593037-1253271|2E 1656.7-1249|HR  6309|Gaia DR2 4333061392472253440,1848-04-27,*|CV*|Em*|MIR|NIR|No*|V*|X,True,False,,,False
T CrB,T CrB,T CrB,TIC 462607643|WISEA J155930.14+255512.6|HIP 78322|Gaia DR3 1220110705972528512|SRGA J155929.5+255512|SBC9 877|DO 15377|AAVSO 1555+26|AG+26 1536|BD+26  2765|CCDM J15595+2555AB|EM* MWC  413|GC 21491|GCRV  9203|GSC 02037-01144|HD 143454|HIC  78322|HR  5958|IDS 15553+2612 AB|IRAS 15574+2603|NOVA CrB 1866|NOVA CrB 1946|PPM 104498|SAO  84129|SBC7   558|TYC 2037-1144-1|T CrB|2MASS J15593015+2555126|SWIFT J1559.5+2553|WDS J15595+2555AB|PBC J1559.4+2556|SWIFT J1559.6+2554|1SWASP J155930.15+255512.5|Gaia DR1 1220110701675511040|WEB 13243|Gaia DR2 1220110705972528512|GEN# +1.00143454|** JEF    2|uvby98 100143454|UCAC4 580-052260|WISE J155930.15+255512.7|NAME-IAU Blaze Star,1866-05-12,*|**|Em*|IR|LP*|LP?|MIR|NIR|No*|SB*|Sy*|V*|X,True,False,,,False
IL Nor,IL Nor,IL Nor,TIC 144875699|CSI-50-15257|HD 137677|IC 4544|NOVA Nor 1893|SV* HV    25|IL Nor|2MASS J15292318-5035007,1893-07-10,*|NIR|No*|V*,True,False,,,False
RS Car,RS Car,RS Car,Gaia DR2 5337105616767093632|AAVSO 1103-61|CSI-61-11059|HD  96830|NOVA Car 1895|SV* HV    47|RS Car,1895-04-08,*|CV*|No*|V*,True,False,,,False
LQ Sgr,SV* HV  4475,LQ Sgr,TIC 53661083|WISE J182828.89-275519.2|WISEA J182828.87-275519.2|Gaia DR3 4051609746132911360|AAVSO 1822-27|IRAS 18253-2757|NOVA Sgr 1897|SV* HV  4475|LQ Sgr|2MASS J18282891-2755191|Gaia DR2 4051609746132911360,1897-09-21,*|IR|LP*|LP?|MIR|Mi*|NIR|No*|V*,True,False,,,False
V1059 Sgr,V1059 Sgr,V1059 Sgr,TIC 414239780|Gaia DR3 4198482401904374016|AAVSO 1856-13|CSI-13-18590|HD 176654|IC 4816|NOVA Sgr 1898|SV* HV   129|V1059 Sgr|2MASS J19015056-1309420|Gaia DR2 4198482401904374016|SBC9 3584,1898-03-08,*|NIR|No*|SB*|V*,True,False,,,False
V606 Aql,HD 181419,V606 Aql,AAVSO 1915-00|AN   11.1900|BD-00  3708a|CSI-00  3708  1|HD 181419|IC 4850|NOVA Aql 1899|SV* HV   130|V606 Aql,1899-04-21,*|No*|V*,True,False,,,False
V1016 Sgr,V1016 Sgr,V1016 Sgr,TIC 128376490|Gaia DR3 4065203141422368256|AAVSO 1813-25|AN  132.1910|NOVA Sgr 1899|SV* HV  3306|V1016 Sgr|2MASS J18195762-2511146|HR  7189|Gaia DR2 4065203141422368256,1899-10-13,*|NIR|No*|V*,True,False,,,False
GK Per,GK Per,GK Per,TIC 431762266|UCAC4 670-019077|WISE J033111.99+435415.3|LAMOST J033112.00+435415.2|WISEA J033112.00+435415.2|PN G150.9-10.1|GALEX J033112.0+435415|Gaia DR3 238540495056450048|SRGA J033112.4+435416|[KRL2007b] 32|PLX  728|SBC9 171|1A 0327+43|2E   785|3A 0327+438|AAVSO 0324+43|AN    3.1901|BD+43   740a|CSI+43   740  2|EM* CDS  368|GCRV 54133|GCRV  1932|HD  21629|NOVA Per 1901|SBC7   123|GK Per|[BM83] X0327+437|PLX  728.00|1RXS J033111.9+435427|2E 0327.7+4344|HR  1057|PBC J0331.1+4353|SWIFT J0331.1+4355|SWIFT J0331.2+4354|2MASS J03311201+4354154|2MAXI J0330+438|KPD 0327+4343|WEB  3134|Gaia DR2 238540495056450048,1901-02-21,*|CV*|Em*|MIR|NIR|No*|Opt|PN|PN?|SB*|UV|V*|X,True,False,,,False
V1014 Sgr,V1014 Sgr,V1014 Sgr,AAVSO 1800-27|AN   22.1911|NOVA Sgr 1901|SV* HV  3312|V1014 Sgr,1901-05-22,No*|V*,True,False,,,False
V382 Sco,V382 Sco,V382 Sco,AAVSO 1745-35B|NOVA Sco 1901|SV* HV  7006|V382 Sco,1901-09-02,No*|V*,True,False,,,False
DM Gem,DM Gem,DM Gem,Gaia DR2 3434744312220014464|AAVSO 0637+30|AN   12.1903|CSI+30-06409|HD  48328|NOVA Gem 1903|DM Gem|HR  2472,1903-03-16,*|CV*|No*|V*,True,False,,,False
V607 Aql,V607 Aql,V607 Aql,TIC 213614688|ATO J293.8564+00.7114|ASASSN-V J193525.56+004241.0|WISEA J193525.56+004240.9|WISE J193525.50+004241.1|AKARI-IRC-V1 J1935255+004239|ZTF J193525.54+004240.8|Gaia DR3 4239545488994881792|2MASS J19352554+0042410|V607 Aql|RAFGL 5400S|NOVA Aql 1904|IRC +00445|IRAS 19328+0035|AN   31.1905|ASAS J193526+0042.7|SV* R   219|Gaia DR2 4239545488994881792,1904-07-06,*|AB*|IR|LP*|LP?|MIR|Mi*|NIR|No*|Opt|V*,True,False,,,False
V1015 Sgr,V1015 Sgr,V1015 Sgr,AAVSO 1802-32|NOVA Sgr 1905|SV* HV  3529|V1015 Sgr,1905-08-18,No*|V*,True,False,,,False
V604 Aql,V604 Aql,V604 Aql,AAVSO 1856-04|AN  104.1905|CSI-04-18594|HD 176779|NOVA Aql 1905|V604 Aql|SV* HV  1175,1905-08-31,*|No*|V*,True,False,,,False
CN Vel,CN Vel,CN Vel,Gaia DR3 5347263871563224192|AN  154.1906|CSI-54-11004|HD  95821|NOVA Vel 1905|SV* HV  1268|CN Vel|USNO-B1.0 0356-00252251|Gaia DR2 5347263871563224192,1905-12-05,*|CV*|No*|V*,True,False,,,False
AR Cir,AR Cir,AR Cir,Gaia DR2 5878160484067755520|AAVSO 1440-59|AN  102.1907|NOVA Cir 1906|SV* HV  2954|AR Cir,1906-02-14,*|CV*|No*|V*,True,False,,,False
V711 Sco,V711 Sco,V711 Sco,TIC 257261181|AAVSO 1747-34|AN   19.1908|NOVA Sco 1906|SV* HV  3061|V711 Sco|2MASS J17540615-3421154,1906-04-24,CV*|NIR|No*|V*,True,False,,,False
VY Aqr,VY Aqr,VY Aqr,TIC 423564048|Gaia DR3 6896767366186700416|SBC9 2427|2MASS J21120925-0849367|AAVSO 2106-09|NOVA Aqr 1907|NOVA Aql 1907|SV* R    88|VY Aqr|PM J21121-0849|Gaia DR2 6896767366186700416,1907-08-12,*|CV*|NIR|No*|PM*|SB*|V*,True,False,,,False
V999 Sgr,V999 Sgr,V999 Sgr,Gaia DR2 4062801636411785600|AAVSO 1753-27|AN   96.1910|CSI-27-17569|HD 163982|NOVA Sgr 1910|SV* HV  3304|V999 Sgr,1910-03-21,*|CV*|No*|V*,True,False,,,False
OY Ara,OY Ara,OY Ara,Gaia DR2 5931112345565292160|AN   98.1910|NOVA Ara 1910|OY Ara|SV* HV  3305,1910-04-04,*|CV*|EB*|No*|V*,True,False,,,False
DI Lac,DI Lac,DI Lac,TIC 428063994|WISEA J223548.50+524259.7|Gaia DR3 2002212087238591488|PLX 5469|AAVSO 2231+52B|AN  137.1910|CSI+52-22338|EM* CDS 1371|GCRV 73344|HD 214239|NAME PKD 2233+5227|NOVA Lac 1910|DI Lac|2MASS J22354848+5242596|PLX 5469.00|KPD 2233+5227|UCAC4 714-100518|WISE J223548.49+524259.4|Gaia DR2 2002212087238591488,1910-12-30,*|CV*|Em*|MIR|NIR|No*|UV|V*,True,False,,,False
UW Per,UW Per,UW Per,AN   21.1912|NOVA Per 1912|UW Per,1912-01-12,CV*|No*|V*,True,False,,,False
DN Gem,DN Gem,DN Gem,TIC 68580394|UCAC4 611-036883|Gaia DR3 889417190756323584|2MASS J06545435+3208280|PLX 1610|AAVSO 0648+32|AN   18.1912|CSI+32-06516|EM* CDS  638|GCRV  4508|HD  50480|NOVA Gem 1912|DN Gem|PLX 1610.00|WEB  6681|Gaia DR2 889417190756323584,1912-03-12,*|CV*|Em*|HS?|NIR|No*|V*|blu,True,False,,,False
V941 Sgr,V941 Sgr,V941 Sgr,TIC 228317409|ASASSN-V J183443.56-293449.3|WISEA J183443.45-293449.0|WISE J183443.45-293449.0|AKARI-IRC-V1 J1834434-293448|OGLE BLG700.23  32045|OGLE BLG-LPV-265126|Gaia DR3 4048189199712152320|NOVA Sgr 1912|ASAS J183444-2934.8|SV* ZI  1430|V941 Sgr|2MASS J18344345-2934491|SV* INN    27|[MM63] 5-4|Gaia DR2 4048189199712152320,1912-06-21,*|LP*|MIR|Mi*|NIR|No*|V*,True,False,,,False
WZ Sge,WZ Sge,WZ Sge,TIC 86408822|3XMM J200736.5+174213|UCAC4 539-122231|Gaia DR3 1809844934461976832|PLX 4778|SBC9 1204|2E  4322|2MASS J20073649+1742147|AAVSO 2003+17|CSI+17-20053  2|EGGR 136|EM* CDS 1133|FB 173|GCRV 70442|Lan  50|NOVA Sge 1913|NOVA Sge 1946|NOVA Sge 1978|UBV   17296|WZ Sge|WD 2003+17|uvby98 620020136|SV* HV  3518|PLX 4778.00|1ES 2005+17.5|1RXS J200736.4+174217|2E 2005.3+1733|WEB 17643|Gaia DR2 1809844934461976832,1913-11-22,*|CV*|Em*|NIR|No*|PM*|SB*|UV|V*|WD*|WD?|X|blu,True,False,,,False
V949 Sgr,V949 Sgr,V949 Sgr,TIC 153643819|WISEA J184103.09-280935.8|ASASSN-V J184103.21-280935.9|AKARI-IRC-V1 J1841030-280935|OGLE BLG755.12  24291|OGLE BLG-LPV-265700|Gaia DR3 4072417724402243712|WISE J184103.08-280935.7|GSC 06870-01383|IRAS 18379-2812|Mis V0508|NOVA Sgr 1914 b|SV* INN    46|SV* ZI  1468|USNO-A2.0 0600-36532866|V949 Sgr|2MASS J18410309-2809357|Gaia DR2 4072417724402243712,1914-07-16,*|IR|LP*|MIR|Mi*|NIR|No*|V*,True,False,,,False
V1012 Sgr,V1012 Sgr,V1012 Sgr,AAVSO 1759-31|NOVA Sgr 1914 c|SV* HV  3531|V1012 Sgr,1914-08-12,No*|V*,True,False,,,False
V840 Oph,V840 Oph,V840 Oph,AAVSO 1648-29|AN    2.1920|NOVA Oph 1917|NOVA Sco 1917|SV* HV  3522|V840 Oph,1917-04-25,No*|V*,True,False,,,False
GI Mon,GI Mon,GI Mon,TIC 5657040|ATO J111.6962-06.6749|Gaia DR3 3054845658802097280|AAVSO 0721-06|AN    2.1918|CSI-06-07243|HD  58756|NOVA Mon 1918|GI Mon|2MASS J07264710-0640297|Gaia DR2 3054845658802097280,1918-02-04,*|CV*|NIR|No*|Opt|Pu*|V*,True,False,,,False
RZ Leo,RZ Leo,RZ Leo,TIC 380576494|1RXS J113723.5+014847|Gaia DR3 3799290858445023488|AN   30.1919|2MASS J11372227+0148584|AAVSO 1132+02|NOVA Leo 1918|RZ Leo|SDSS J113722.24+014858.5|1SDSS J113722.25+014858.6|SDSS J113722.25+014848.6|SDSS J113722.25+014858.6|PM J11373+0148|WD 1134+020|EPIC 201585290|2QZ J113722.2+014857|SDSS J113722.20+014858.7|Gaia DR2 3799290858445023488,1918-03-13,*|CV*|CV?|NIR|No*|Opt|PM*|V*|WD*|X,True,False,,,False
V603 Aql,V603 Aql,V603 Aql,TIC 173460141|UCAC4 453-082415|WISE J184854.64+003503.4|WISEA J184854.63+003503.3|HIP 92316|BSD 110-794|Gaia DR3 4266547566124966912|SRGA J184855.6+003447|NAME Nova Aquila No 3|PLX 4341|SBC9 1086|2E  4138|AAVSO 1843+00|ALS  9992|AN    7.1918|CSI+00-18463|EM* CDS 1028|FASTT 1189|GCRV 68659|GEN# +8.04000003|GSC 00448-00423|HBHA  202-05|HD 174107|HIC  92316|KPD 1846+0031|LS  IV +00    3|NOVA Aql 1918|SBC7   706|UBV M  51004|V603 Aql|[KW97] 35-7|[P2004] 17|2MASS J18485464+0035030|EM* RJHA  116|PLX 4341.00|1ES 1846+00.5|1RXS J184854.7+003501|2E 1846.3+0031|SSTGLMC G033.1638+00.8287|TYC  448-423-1|PBC J1848.7+0039|SWIFT J1848.4+0040|Gaia DR1 4266547566124966912|WEB 15932|Gaia DR2 4266547566124966912,1918-06-08,*|CV*|Em*|HS?|MIR|NIR|No*|SB*|UV|V*|X|blu,True,False,,,False
V1017 Sgr,V1017 Sgr,V1017 Sgr,TIC 226703160|UCAC4 304-232890|Gaia DR3 4048251562703375488|2E  4084|AAVSO 1825-29|NOVA Sgr 1919|SV* HV  3519|V1017 Sgr|2E 1828.9-2925|2MASS J18320447-2923125|Gaia DR2 4048251562703375488,1919-03-11,*|CV*|NIR|No*|V*|X,True,False,,,False
V605 Aql,PN A66   58,V605 Aql,C* 2719|AAVSO 1913+01|AN    7.1920|CGCS 4225|GSC2 N020103213277|IRAS 19158+0141|Lund    21|NOVA Aql 1919|PK 037-05  1|PN A55   45|PN G037.5-05.1|PN A66   58|PN ARO  150|PN VV'  489|SCM 239|V605 Aql|NAME Nova Aquilae No 4,1919-07-04,*|C*|Cl*|IR|No*|PN|V*,True,False,,,False
V849 Oph,V849 Oph,V849 Oph,ZTF J181407.30+113642.1|Gaia DR2 4484747641520751872|PLX 4184|AAVSO 1809+11|CSI+11-18117|HD 167276|NOVA Oph 1919|SV* HV  3520|V849 Oph|PLX 4184.00,1919-08-20,*|CV*|EB*|No*|V*,True,False,,,False
HR Lyr,HR Lyr,HR Lyr,TIC 358601798|ATO J283.3543+29.2271|Gaia DR3 2040551920255615104|PLX 4372|AAVSO 1849+29|AN    1.1920|CSI+29-18514|EM* CDS 1033|HD 175268|NOVA Lyr 1919|SV* HV  3521|HR Lyr|2MASS J18532505+2913377|PLX 4372.00|Gaia DR2 2040551920255615104,1919-12-06,*|Em*|NIR|No*|Opt|V*,True,False,,,False
V476 Cyg,V476 Cyg,V476 Cyg,Gaia DR2 2089624258071404544|Gaia DR3 2089624258071404544|PLX 4739|AAVSO 1955+53B|AN   26.1920|CSI+53-19572|EM* CDS 1113|GCRV 12334|NOVA Cyg 1920|V476 Cyg|PLX 4739.00|PSO J299.6020+53.6185|TIC 1882220505,1920-08-20,*|Em*|No*|Opt|V*,True,False,,,False
FL Sgr,FL Sgr,FL Sgr,AAVSO 1753-34B|NOVA Sgr 1924|SV* HV  4003|FL Sgr,1924-05-13,No*|V*,True,False,,,False
RR Pic,RR Pic,RR Pic,TIC 293271581|UCAC4 137-008110|WISE J063536.06-623824.3|GALEX J063536.4-623823|WISEA J063536.07-623824.3|HIP 31481|Gaia DR3 5477422099543150592|2MASS J06353606-6238242|PLX 1557|2E  1715|AAVSO 0634-62|CSI-62-06352|HIC  31481|Hen 3-15|NOVA Pic 1925|RR Pic|[TDQ2000] SRX  5|PLX 1557.00|1RXS J063536.4-623824|2E 0635.1-6235|TYC 8899-1342-1|ASAS J063536-6238.3|Gaia DR1 5477422095246244224|Gaia DR2 5477422099543150592,1925-05-25,*|CV*|Em*|HS?|MIR|NIR|No*|UV|V*|X|blu,True,False,,,False
DO Aql,DO Aql,DO Aql,TIC 100562828|Gaia DR2 4208116120905286528|WISE J193125.91-062538.8|SDSS J193125.89-062538.6|WISEA J193125.90-062539.0|AAVSO 1926-06|AN    9.1925|NOVA Aql 1925|DO Aql|2MASS J19312591-0625382,1925-09-14,*|EB*|MIR|NIR|No*|Opt|V*,True,False,,,False
KY Sgr,KY Sgr,KY Sgr,TIC 196008675|AP J18012101-2624400|Gaia DR3 4064004158352971520|AAVSO 1755-26|NOVA Sgr 1926 a|SV* HV  4480|KY Sgr|2MASS J18012101-2624400,1926-06-14,*|NIR|No*|V*,True,False,,,False
FM Sgr,FM Sgr,FM Sgr,AAVSO 1811-23|NOVA Sgr 1926|SV* HV  3994|FM Sgr,1926-07-16,No*|V*,True,False,,,False
EL Aql,EL Aql,EL Aql,TIC 57427978|Gaia DR3 4255780873390406528|AAVSO 1850-03|AN   60.1927|NOVA Aql 1927|EL Aql|2MASS J18560202-0319205|USNO-B1.0 0866-00433092|Gaia DR2 4255780873390406528,1927-07-30,*|NIR|No*|V*,True,False,,,False
V363 Sgr,V363 Sgr,V363 Sgr,NOVA Sgr 1927|V363 Sgr,1927-09-30,No*|V*,True,False,,,False
XX Tau,XX Tau,XX Tau,Gaia DR2 3394342581362155520|SDSS J051924.46+164300.3|Gaia DR3 3394342581362155520|AAVSO 0513+16|AN  100.1927|NOVA Tau 1927|XX Tau,1927-11-18,*|CV*|No*|Opt|V*,True,False,,,False
KP Sco,KP Sco,KP Sco,AAVSO 1737-35|NOVA Sco 1928|SV* HV  4716|KP Sco,1928-06-21,No*|V*,True,False,,,False
V1583 Sgr,V1583 Sgr,V1583 Sgr,NOVA Sgr 1928|SV* HV 12320|V1583 Sgr,1928-07-24,No*|V*,True,False,,,False
HV Vir,HV Vir,HV Vir,Gaia DR3 3688359000015020800|AAVSO 1315+02|NOVA Vir 1929|NSV  6201|HV Vir|[DDM2009] CSS080227 J132103+015329|CRTS CSS080227 J132103+015329|2QZ J132103.1+015329|SDSS J132103.16+015329.1|CRTS J132103.2+015329|Gaia DR2 3688359000015020800|1eRASS J132102.4+015338,1929-02-01,*|CV*|CV?|No*|Opt|V*|WD*|WD?|X,True,False,,,False
V359 Cen,V359 Cen,V359 Cen,Gaia DR3 5380310174561335296|GSC2 S12200122477|NOVA Cen 1939|NOVA Cen 1930|USNO-A2.0 0450-13664185|V359 Cen|Gaia DR2 5380310174561335296,1930-04-20,*|CV*|No*|V*|WD*,True,False,,,False
V441 Sgr,V441 Sgr,V441 Sgr,AAVSO 1815-25A|CSI-25-18190|HD 315574|NOVA Sgr 1930|SV* HV  5486|V441 Sgr,1930-09-12,*|No*|V*,True,False,,,False
MT Cen,MT Cen,MT Cen,TIC 322239323|Gaia DR3 5335446762957428992|NOVA Cen 1931|MT Cen|2MASS J11440080-6033395|Gaia DR2 5335446762957428992,1931-05-09,*|NIR|No*|V*,True,False,,,False
V1905 Sgr,V1905 Sgr,V1905 Sgr,AAVSO 1827-25|NOVA Sgr 1932|V1905 Sgr,1932-06-14,No*|V*,True,False,,,False
CG CMa,CG CMa,CG CMa,TIC 80923771|Gaia DR3 2927639069777486464|2MASS J07040505-2345345|AAVSO 0659-23|NOVA CMa 1934|CG CMa|Gaia DR2 2927639069777486464|USNO-A2.0 0600-04772139,1934-01-12,*|CV*|NIR|No*|V*,True,False,,,False
BD Pav,BD Pav,BD Pav,TIC 120342455|Gaia DR3 6637401025693171200|AAVSO 1834-57|NOVA Pav 1934|SV* HV 10031|BD Pav|2MASS J18431191-5730448|Gaia DR2 6637401025693171200|1eRASS J184311.3-573046,1934-09-07,*|CV*|NIR|No*|V*|X,True,False,,,False
DQ Her,DQ Her,DQ Her,TIC 332624864|UCAC4 680-061811|WISE J180730.26+455132.6|WISEA J180730.25+455132.5|Gaia DR3 2116226254706461568|PLX 4164|SBC9 1029|2MASS J18073024+4551325|2RXP J180730.0+455136|AAVSO 1804+45|AN  452.1934|CSI+45-18061|EM* CDS  959|GCRV 10587|NOVA Her 1934|SBC7   665|DQ Her|1SWASP J180730.28+455131.9|WEB 15046|Gaia DR2 2116226254706461568,1934-12-12,*|CV*|EB*|Em*|MIR|NIR|No*|SB*|UV|V*|X,True,False,,,False
V726 Sgr,V726 Sgr,V726 Sgr,Gaia DR2 4052387577689335552|AN  118.1938|HD 315532|NOVA Sgr 1936 b|SV* HV  9380|V726 Sgr,1936-04-30,*|CV*|No*|V*,True,False,,,False
V732 Sgr,V732 Sgr,V732 Sgr,TIC 134567220|Gaia DR3 4063588238075660160|AN  225.1937|CSI-27-17530|HD 316633|NOVA Sgr 1936|NOVA Sgr 1936 a|V732 Sgr|2MASS J17560751-2722161|SSTGLMC G002.5297-01.1882|Gaia DR2 4063588238075660160,1936-06-10,*|CV*|MIR|NIR|No*|V*,True,False,,,False
CP Lac,CP Lac,CP Lac,TIC 330615123|Gaia DR3 2006109065688505472|AAVSO 2212+55|AN  605.1936|CSI+55-22138|EM* CDS 1317|GCRV 14005|NOVA Lac 1935|NOVA Lac 1936|CP Lac|2MASS J22154108+5537014|WEB 19732|Gaia DR2 2006109065688505472,1936-06-18,*|CV*|Em*|HS?|NIR|No*|V*|blu,True,False,,,False
V356 Aql,V356 Aql,V356 Aql,Gaia DR2 4264846415484216576|UGPS J191713.68+014321.9|AAVSO 1912+01|AN  618.1936|CSI+01-19147|GCRV 69244|NOVA Aql 1936|V356 Aql,1936-09-18,*|NIR|No*|V*,True,False,,,False
V990 Sgr,V990 Sgr,V990 Sgr,TIC 136018807|AAVSO 1751-28|NOVA Sgr 1936 d|V990 Sgr|2MASS J17571823-2819079,1936-09-21,NIR|No*|V*,True,False,,,False
V630 Sgr,V630 Sgr,V630 Sgr,Gaia DR2 4039478078339544064|AAVSO 1802-34|AN  619.1936|CSI-34-18055|GCRV 67767|HD 321353|NOVA Sgr 1936 c|V630 Sgr|[SC95] M 320|[SC96] Mis 1029,1936-10-03,*|CV*|No*|UV|V*,True,False,,,False
V368 Aql,V368 Aql,V368 Aql,TIC 374963778|UCAC4 489-101766|WISE J192634.45+073613.4|WISEA J192634.45+073613.2|ZTF J192634.45+073613.8|Gaia DR3 4295580518601261696|AAVSO 1921+07|AN  668.1936|CSI+07-19241|GCRV 69428|NOVA Aql 1936 b|V368 Aql|2MASS J19263446+0736137|Gaia DR2 4295580518601261696,1936-10-07,*|CV*|EB*|LP*|MIR|NIR|No*|V*,True,False,,,False
V745 Sco,V745 Sco,V745 Sco,UCAC4 284-135625|2MASS J17552222-3314585|WISE J175522.22-331458.5|WISEA J175522.22-331458.6|Gaia DR3 4043221606260719360|AAVSO 1748-33B|NOVA Sco 1937|V745 Sco|OGLE BLG-LPV-120729|Gaia DR2 4043221606260719360|TIC 258891666,1937-05-10,*|LP*|MIR|NIR|No*|Sy*,True,False,,,False
V745 Sco,V745 Sco,V745 Sco,UCAC4 284-135625|2MASS J17552222-3314585|WISE J175522.22-331458.5|WISEA J175522.22-331458.6|Gaia DR3 4043221606260719360|AAVSO 1748-33B|NOVA Sco 1937|V745 Sco|OGLE BLG-LPV-120729|Gaia DR2 4043221606260719360|TIC 258891666,1937-05-10,*|LP*|MIR|NIR|No*|Sy*,True,False,,,False
V787 Sgr,V787 Sgr,V787 Sgr,AAVSO 1753-30|HD 316917|NOVA Sgr 1937|SV* HV 10322|V787 Sgr,1937-05-20,*|No*|V*,True,False,,,False
V733 Sco,V733 Sco,V733 Sco,TIC 107043035|Gaia DR3 4041215444248801920|WISEA J173939.18-355123.8|OGLE BLG610.21  40000|OGLE BLG-LPV-245889|AAVSO 1733-35|NOVA Sco 1937 a|V733 Sco|2MASS J17393919-3551241|WISE J173939.19-355123.9,1937-06-29,*|LP*|MIR|Mi*|Mi?|NIR|No*|V*,True,False,,,False
V404 Cyg,V404 Cyg,V404 Cyg,TIC 136874944|Gaia DR2 2056188624872569088|AAVSO 2020+33|AN  100.1938|Ginga 2023+338|Ginga 2023+33|INTREF  1021|NOVA Cyg 1938|NOVA Cyg 1989|V404 Cyg|2MASS J20240382+3352021|1RXS J202405.3+335157|1SXPS J202404.2+335155|Gaia DR3 2056188624872569088|4XMM J202403.8+335202|2SXPS J202404.0+335151,1938-09-28,*|CV*|HXB|NIR|No*|V*|X|gam,True,False,,,False
FU Ori,FU Ori,FU Ori,TIC 156194593|WISEA J054522.36+090412.2|Gaia DR3 3336092864798790144|TYC  715-159-1|2MASS J05452235+0904123|AAVSO 0539+09|AN    1.1939|BD+09  5427|CSI+09-05427|EM* CDS  535|GCRV 56621|GSC 00715-00159|HBC 186|IRAS 05426+0903|JP11  5455|JP11  5456|JP11  5454|NOVA Ori 1939|PDS 122|PP  43|FU Ori|[LC2007] 28|PSCz P05426+0903|WDS J05454+0904AB|** WAH    1|2XMM J054522.3+090412|GN 05.42.6|Gaia DR1 3336092860503879168|WISE J054522.38+090412.1|Gaia DR2 3336092864798790144,1939-01-18,*|**|Em*|IR|ISM|MIR|NIR|No*|Or*|V*|X,True,False,,,False
V794 Oph,V794 Oph,V794 Oph,TIC 235024198|Gaia DR2 4116752545870087040|NOVA Oph 1983|NOVA Oph 1939|V794 Oph|2MASS J17384924-2250489,1939-07-15,*|NIR|No*|V*,True,False,,,False
BT Mon,BT Mon,BT Mon,TIC 280302032|UCAC4 440-020574|Gaia DR3 3106991818813980416|2MASS J06434723-0201139|SBC9 414|AAVSO 0638-01|AN   67.1939|NOVA Mon 1939|BT Mon|WEB  6499|Gaia DR2 3106991818813980416,1939-12-17,*|CV*|EB*|NIR|No*|SB*|V*,True,False,,,False
CI Gem,CI Gem,CI Gem,AAVSO 0624+22|AN  101.1943|NOVA Gem 1940|SV* SON  3428|CI Gem,1940-01-03,CV*|CV?|No*|V*,True,False,,,False
CQ Vel,CQ Vel,CQ Vel,AAVSO 0855-52|NOVA Vel 1940|CQ Vel,1940-04-19,No*|V*,True,False,,,False
V553 Oph,V553 Oph,V553 Oph,NOVA Oph 1940|V553 Oph,1940-08-03,No*|V*,True,False,,,False
V697 Sco,V697 Sco,V697 Sco,Gaia DR2 4039897610781981824|NOVA Sco 1941|V697 Sco,1941-03-09,*|CV*|No*|V*,True,False,,,False
V909 Sgr,V909 Sgr,V909 Sgr,Gaia DR2 6734519066726100480|NOVA Sgr 1941|V909 Sgr,1941-07-18,*|CV*|No*|V*,True,False,,,False
V450 Cyg,V450 Cyg,V450 Cyg,TIC 236540131|WISE J205847.66+355630.4|WISEA J205847.66+355630.3|Gaia DR3 1869766290946348032|AAVSO 2054+35|AN   85.1942|CSI+35-20568|GCRV 15098|NOVA Cyg 1942|V450 Cyg|2MASS J20584763+3556304|Gaia DR2 1869766290946348032,1942-09-08,*|MIR|NIR|No*|V*,True,False,,,False
CP Pup,CP Pup,CP Pup,TIC 145620527|UCAC4 274-028686|WISE J081146.07-352104.9|WISEA J081146.07-352104.9|Gaia DR3 5544760551021856000|2MASS J08114606-3521049|2E  1945|AAVSO 0808-35|AN   86.1942|CSI-35-08099|GCRV  5441|Hen 3-130|NOVA Pup 1942|PK 252-00  1|CP Pup|WRAY 16-15|2E 0809.8-3512|WEB  7830|Gaia DR2 5544760551021856000|1eRASS J081146.0-352104,1942-11-09,*|CV*|Em*|MIR|NIR|No*|PN|V*|X,True,False,,,False
V500 Aql,V500 Aql,V500 Aql,Gaia DR2 4298546829138834304|AAVSO 1947+08|AN  215.1943|CSI+08-19501|GCRV 12221|NOVA Aql 1943|SV* SON  3542|V500 Aql|WEB 17208,1943-09-05,*|CV*|EB*|No*|V*,True,False,,,False
V927 Sgr,V927 Sgr,V927 Sgr,NOVA Sgr 1944|V927 Sgr,1944-04-22,No*|V*,True,False,,,False
V696 Sco,V696 Sco,V696 Sco,TIC 256217523|Gaia DR3 4040612220267799808|NOVA Sco 1944|THA 10-18|V696 Sco|[M51] 106|2MASS J17531155-3550144|UCAC3 109-282911|Gaia DR2 4040612220267799808,1944-05-05,*|Em*|NIR|No*|V*,True,False,,,False
V528 Aql,V528 Aql,V528 Aql,AAVSO 1914+00B|CSI+00-19170|GCRV 11779|NOVA Aql 1945|V528 Aql,1945-08-26,*|No*|V*,True,False,,,False
V2506 Sgr,EM* AS  282,V2506 Sgr,TIC 249284183|WISEA J181101.68-283240.3|Gaia DR3 4050848540419995776|AAVSO 1804-28|EM* AS  282|ESO 456-66|Hen 2-358|MHA 304-113|NOVA Sgr 1946 b|PK 003-04  6|PN Ap  1-11|SS73 139|V2506 Sgr|WRAY 16-379|UCAC2  19993564|UCAC4 308-187989|2MASS J18110168-2832402|WISE J181101.68-283240.3|Gaia DR2 4050848540419995776,1946-04-11,*|Em*|EmO|G|LP*|MIR|NIR|No*|PN|Sy*|V*,True,False,,,False
CT Ser,CT Ser,CT Ser,TIC 119860183|LAMOST J154539.09+142231.5|UCAC4 522-057160|WISE J154539.09+142231.7|Gaia DR3 1192697922589844352|AAVSO 1541+14|NOVA Ser 1948|PG 1543+145|CT Ser|2MASS J15453907+1422317|SDSS J154539.07+142231.6|SDSS J154539.08+142231.6|LINEAR 15273636|SDSS J154539.08+142231.4|Gaia DR2 1192697922589844352,1948-04-09,*|CV*|CV?|MIR|NIR|No*|Opt|UV|V*|blu,True,False,,,False
V465 Cyg,V465 Cyg,V465 Cyg,AAVSO 1949+36B|CSI+36-19506|GCRV 12229|NOVA Cyg 1948|SV* VV    67|V465 Cyg,1948-06-02,*|No*|V*,True,False,,,False
V365 Car,WRAY 16-84,V365 Car,PK 289+01  1|Hen 3-558|NOVA Car 1948|V365 Car|Gaia DR3 5338717294658032128|WRAY 16-84|Gaia DR2 5338717294658032128,1948-07-02,*|CV*|Em*|No*|PN|V*,True,False,,,False
V394 CrA,V394 CrA,V394 CrA,Gaia DR2 4035768120009351936|Gaia DR3 4035768120009351936|AAVSO 1753-39|NOVA CrA 1987|NOVA CrA 1949|V394 CrA,1949-03-23,*|CV*|No*|V*,True,False,,,False
V902 Sco,V902 Sco,V902 Sco,Haro 3-9|CSV   7652|Hen 3-1401|NOVA Sco 1949|V902 Sco,1949-05-21,*|CV?|Em*|No*|V*,True,False,,,False
EU Sct,EU Sct,EU Sct,TIC 57437557|Gaia DR3 4255373749203542400|AAVSO 1850-04|CSI-04-18536|GCRV 68821|NOVA Sct 1949|EU Sct|2MASS J18561312-0412323|Gaia DR2 4255373749203542400,1949-08-05,*|NIR|No*|V*,True,False,,,False
DK Lac,DK Lac,DK Lac,TIC 67053526|Gaia DR3 2002440098459791744|AAVSO 2245+52|CSI+53-22477|GCRV 73569|NOVA Lac 1950|DK Lac|2MASS J22494690+5317192|Gaia DR2 2002440098459791744,1950-01-23,*|CV*|NIR|No*|V*|blu,True,False,,,False
V719 Sco,V719 Sco,V719 Sco,Hen 3-1473|NOVA Sco 1950 a|V719 Sco,1950-07-20,Em*|No*|V*,True,False,,,False
V720 Sco,V720 Sco,V720 Sco,AAVSO 1745-35C|Hen 3-1503|NOVA Sco 1950 b|V720 Sco|PK 355-04  3|WRAY 16-319,1950-08-07,Em*|No*|PN|V*,True,False,,,False
V630 Cas,V630 Cas,V630 Cas,TIC 431521404|Gaia DR3 1944248097659113088|AAVSO 2343+50|NOVA Cas 1950|SV* OV    29|V630 Cas|2MASS J23485191+5127391|SAX J2348.7+5127|Gaia DR2 1944248097659113088,1950-11-14,*|CV*|NIR|No*|V*|X,True,False,,,False
V841 Aql,V841 Aql,V841 Aql,Gaia DR2 4312316597375950464|2MASS J19074002+1029455|WISE J190740.03+102945.5|Gaia DR3 4312316597375950464|WISEA J190740.02+102945.4|ZTF J190740.03+102945.3|AAVSO 1902+10|NOVA Aql 1951|V841 Aql,1951-07-10,*|C*?|LP*|LP?|MIR|NIR|No*|V*,True,False,,,False
V1175 Sgr,V1175 Sgr,V1175 Sgr,AAVSO 1807-31|NOVA Sgr 1952 a|V1175 Sgr,1952-02-21,No*|V*,True,False,,,False
V723 Sco,V723 Sco,V723 Sco,AAVSO 1743-35B|NOVA Sco 1952 b|V723 Sco,1952-08-10,No*|V*,True,False,,,False
V906 Oph,V906 Oph,V906 Oph,NOVA Oph 1952|V906 Oph,1952-08-22,No*|V*,True,False,,,False
RR Cha,RR Cha,RR Cha,Gaia DR2 5771210399598983168|NOVA Cha 1953|SV* SON  5346|RR Cha,1953-04-08,*|CV*|No*|V*,True,False,,,False
V1275 Sgr,V1275 Sgr,V1275 Sgr,TIC 469401519|AAVSO 1752-36|CSI-36-17557|GCRV 67537|NOVA Sgr 1954 b|V1275 Sgr|2MASS J17590634-3618407,1954-07-04,*|NIR|No*|V*,True,False,,,False
V1274 Sgr,V1274 Sgr,V1274 Sgr,CSI-17-17459|GCRV 67398|NOVA Sgr 1954 a|V1274 Sgr,1954-08-30,*|No*|V*,True,False,,,False
V972 Oph,V972 Oph,V972 Oph,TIC 198318835|Gaia DR2 4060410267160342272|UCAC4 310-128266|EPIC 251248586|Gaia DR3 4060410267160342272|NOVA Oph 1957|V972 Oph|2MASS J17344444-2810353,1957-09-18,*|CV*|NIR|No*|PN?|V*,True,False,,,False
V427 Sct,V427 Sct,V427 Sct,TIC 184616168|Gaia DR3 4256723365343836672|CSS 1071|CSV   7917|IRAS 18404-0431|NOVA Sct 1958|S1* 575|V427 Sct|2MASS J18425986-0428198|Gaia DR2 4256723365343836672,1958-09-17,*|IR|LP*|LP?|Mi?|NIR|No*|S*|V*,True,False,,,False
V1548 Oph,V1548 Oph,V1548 Oph,Plaut 2-429|V1548 Oph,1959-06-27,No*|V*,True,False,,,False
V446 Her,V446 Her,V446 Her,2MASS J18572167+1314270|Gaia DR3 4506083222318688000|SBC9 1957|AAVSO 1852+13|NOVA Her 1960|V446 Her|[HRT98] A|Gaia DR2 4506083222297339008,1960-03-07,*|CV*|NIR|No*|SB*|V*,True,False,,,False
AL Com,AL Com,AL Com,ZTF19aaqhcmn|Gaia DR3 3932951035266314496|AAVSO 1227+14|NOVA Com 1961|AL Com|2XMM J123225.7+142042|SDSS J123225.79+142042.2|NAME Rosino Object|NAME Rosino-Zwicky Object|Gaia DR2 3932951035266314496,1961-11-17,*|CV*|No*|Opt|V*|X|ev,True,False,,,False
HZ Pup,HZ Pup,HZ Pup,TIC 153352161|UCAC4 308-038529|WISE J080322.84-282828.9|WISEA J080322.83-282828.8|Gaia DR3 5597838517072200832|AAVSO 0759-28|NOVA Pup 1963 a|SV* SON  8438|HZ Pup|2MASS J08032287-2828287|Gaia DR2 5597838517072200832|1eRASS J080322.6-282826,1963-01-18,*|CV*|MIR|NIR|No*|V*|X,True,False,,,False
V533 Her,V533 Her,V533 Her,TIC 76191504|UCAC4 660-064716|Gaia DR3 2113091615775375232|SBC9 1036|AAVSO 1811+41|NOVA Her 1963|V533 Her|2MASS J18142048+4151221|1SWASP J181420.49+415122.3|GCRV 67967|WEB 15201|Gaia DR2 2113091615775375232,1963-02-06,*|CV*|HS?|NIR|No*|SB*|V*|blu,True,False,,,False
AS Psc,AS Psc,AS Psc,NOVA Psc 1963|SV* SON 10828|AS Psc,1963-09-14,CV*|No*|V*,True,False,,,False
QZ Aur,QZ Aur,QZ Aur,TIC 3034524|WISE J052834.07+331821.5|WISEA J052834.07+331821.6|Gaia DR3 3449050362952844288|2MASS J05283408+3318218|AAVSO 0522+33|NOVA Aur 1964|QZ Aur|Gaia DR2 3449050362952844288,1964-11-04,*|CV*|EB*|MIR|NIR|No*|V*,True,False,,,False
V632 Her,V632 Her,V632 Her,AAVSO 1815+24|NOVA Her 1967|V632 Her,1967-06-29,CV*|No*|V*,True,False,,,False
HR Del,HR Del,HR Del,TIC 331304972|UCAC4 546-132094|WISE J204220.34+190939.2|GALEX J204220.4+190940|WISEA J204220.34+190939.2|Gaia DR3 1813953083546374144|SBC9 1256|AAVSO 2037+18|GSC 01642-00998|HIC 102190|HIP 102190|IRAS 20400+1858|NOVA Del 1967|HR Del|2MASS J20422035+1909394|1SWASP J204220.34+190939.1|TYC 1642-998-1|UCAC2  38704903|UCAC3 219-267028|Gaia DR1 1813953083546374144|WEB 18490|Gaia DR2 1813953083546374144,1967-07-08,*|CV*|HS?|IR|MIR|NIR|No*|SB*|UV|V*|blu,True,False,,,False
LV Vul,LV Vul,LV Vul,TIC 435473298|UGPS J194800.42+271017.3|AAVSO 1943+26|CSI+27-19460|GCRV 69889|NOVA Vul 1968 a|LV Vul|2MASS J19480043+2710173|GCRV 26571,1968-04-15,*|NIR|No*|V*,True,False,,,False
V4027 Sgr,V4027 Sgr,V4027 Sgr,UCAC4 307-162271|2MASS J18022915-2845210|NOVA Sgr 1968|V4027 Sgr,1968-05-17,*|NIR|No*|V*,True,False,,,False
V592 Her,V592 Her,V592 Her,AAVSO 1626+21|NOVA Her 1986|NOVA Her 1968|SV* SON 10376|V592 Her|[D87] V592 Her Star 1|[VHR99] V592 Her Star 1|SDSS J163056.40+211658.4,1968-06-30,*|No*|Opt|V*,True,False,,,False
LU Vul,LU Vul,LU Vul,AAVSO 1941+28|NOVA Vul 1968 b|LU Vul,1968-10-14,No*|V*,True,False,,,False
V2572 Sgr,V2572 Sgr,V2572 Sgr,NAME Bateson's Nova|AAVSO 1825-32|NOVA Sgr 1969|SV* BV  1262|V2572 Sgr,1969-07-08,No*|V*,True,False,,,False
FH Ser,FH Ser,FH Ser,TIC 404785276|Gaia DR3 4276984993803967744|AAVSO 1825+02|NOVA Ser 1970|FH Ser|2MASS J18304704+0236520|GCRV 26570|Gaia DR2 4276984993803967744,1970-02-13,*|NIR|No*|V*,True,False,,,False
V1229 Aql,V1229 Aql,V1229 Aql,TIC 183271290|AAVSO 1919+04|NOVA Aql 1970|V1229 Aql|2MASS J19244452+0414486,1970-04-14,NIR|No*|V*,True,False,,,False
V1330 Cyg,V1330 Cyg,V1330 Cyg,TIC 194887564|Gaia DR3 1869908024871726208|AAVSO 2048+35|NOVA Cyg 1970|V1330 Cyg|2MASS J20524536+3559213|Gaia DR2 1869908024871726208,1970-06-08,*|NIR|No*|V*,True,False,,,False
V3645 Sgr,V3645 Sgr,V3645 Sgr,TIC 443563|AAVSO 1830-18|NOVA Sgr 1970|SV* SVS  1728|V3645 Sgr|2MASS J18354931-1841442,1970-07-29,NIR|No*|V*,True,False,,,False
V368 Sct,V368 Sct,V368 Sct,AAVSO 1840-08|NOVA Sct 1970|V368 Sct,1970-07-31,No*|V*,True,False,,,False
IV Cep,IV Cep,IV Cep,TIC 325765580|Gaia DR3 2005311404366428544|AAVSO 2201+53|NOVA Cep 1971|IV Cep|2MASS J22043692+5330236|GCRV 26569|Gaia DR2 2005311404366428544,1971-07-10,*|NIR|No*|V*,True,False,,,False
LS And,LS And,LS And,[VHP73] m|Gaia DR3 381884955540495232|AAVSO 0026+41|NOVA And 1971|NSV   191|LS And|EV* M31 V0002,1971-08-26,*|No*|V*|WD?,True,False,,,False
V812 Cen,V812 Cen,V812 Cen,Gaia DR2 6063092872357536128|Gaia DR3 6063092872357536128|NOVA Cen 1973|V812 Cen,1973-04-23,*|No*|V*,True,False,,,False
V3888 Sgr,V3888 Sgr,V3888 Sgr,TIC 437685383|Gaia DR3 4120337533522856960|AAVSO 1742-18|NOVA Sgr 1974|V3888 Sgr|2MASS J17484147-1845347|Gaia DR2 4120337533522856960,1974-10-06,*|NIR|No*|V*,True,False,,,False
V400 Per,V400 Per,V400 Per,Gaia DR2 435763400421947264|Gaia DR3 435763400421947264|AAVSO 0300+46|NOVA Per 1974|V400 Per,1974-11-09,*|CV*|No*|V*,True,False,,,False
KY TrA,KY TrA,KY TrA,1A 1524-62|1A 1524-61|1XRS 15241-617|2S 1524-617|3A 1524-617|4U 1524-617|INTREF   648|NOVA TrA 1974|KY TrA|X TrA X-1|[BM83] X1524-617|1RXS J152818.2-615255,1974-11-12,HX?|LXB|No*|V*|X|gam,True,False,,,False
V1301 Aql,V1301 Aql,V1301 Aql,AAVSO 1912+04|NOVA Aql 1975|V1301 Aql,1975-06-06,No*|V*,True,False,,,False
V3964 Sgr,V3964 Sgr,V3964 Sgr,TIC 420940925|NOVA Sgr 1975 b|V3964 Sgr|2MASS J17494261-1723361,1975-06-08,CV*|NIR|No*|V*,True,False,,,False
V373 Sct,V373 Sct,V373 Sct,Gaia DR2 4204056517854548096|AAVSO 1850-07|NOVA Sct 1975|V373 Sct,1975-06-15,*|CV*|No*|V*,True,False,,,False
V3889 Sgr,V3889 Sgr,V3889 Sgr,AAVSO 1752-28|NOVA Sgr 1975|V3889 Sgr,1975-07-13,No*|V*,True,False,,,False
V1500 Cyg,V1500 Cyg,V1500 Cyg,ZTF J211136.56+480901.9|Gaia DR3 2165295912482637312|AAVSO 2108+47|NOVA Cyg 1975|RX J211136+48090|V1500 Cyg|RX J2111.6+4809|Gaia DR2 2165295912482637312|TIC 1974886443,1975-08-29,*|CV*|EB*|No*|V*|X,True,False,,,False
V2104 Oph,V2104 Oph,V2104 Oph,Gaia DR2 4495453590539471488|SDSS J180324.98+114757.0|Gaia DR3 4495453590539471488|AAVSO 1758+11|NOVA Oph 1976|V2104 Oph,1976-09-23,*|No*|Opt|V*,True,False,,,False
NQ Vul,NQ Vul,NQ Vul,TIC 369930905|Gaia DR2 2017742684676480896|Gaia DR3 2017742684676480896|AAVSO 1924+20|NOVA Vul 1976|NQ Vul|2MASS J19291475+2027596,1976-10-21,*|NIR|No*|V*,True,False,,,False
HS Sge,HS Sge,HS Sge,AAVSO 1934+17|NOVA Sge 1977|HS Sge,1977-01-07,No*|V*,True,False,,,False
V4021 Sgr,V4021 Sgr,V4021 Sgr,AAVSO 1832-23|NOVA Sgr 1977|V4021 Sgr,1977-03-27,No*|V*,True,False,,,False
V2107 Oph,V2107 Oph,V2107 Oph,1H 1705-250|1XRS 17051-250|3A 1705-250|H 1705-25|H 1705-250|INTREF   748|NOVA Oph 1977|V2107 Oph|[BM83] X1705-250|4U 1705-250|Gaia DR3 4112450294268643456|PSO J257.0604-25.0917,1977-08-31,*|HXB|No*|Opt|V*|X|gam,True,False,,,False
LW Ser,LW Ser,LW Ser,AAVSO 1746-14|NOVA Ser 1978|LW Ser,1978-03-05,No*|V*,True,False,,,False
V1668 Cyg,V1668 Cyg,V1668 Cyg,Gaia DR2 1973744386858003712|AAVSO 2138+43B|NOVA Cyg 1978|V1668 Cyg,1978-09-10,*|CV*|No*|V*,True,False,,,False
PU Vul,PU Vul,PU Vul,TIC 402762666|UCAC4 558-118890|WISEA J202113.30+213418.6|Gaia DR3 1829139027066224640|AAVSO 2016+21|GSC 01643-01021|HBHA 2205-02|NAME Kuwano's NL|NAME Kuwano-Honda|NOVA Vul 1979|TYC 1643-1021-1|PU Vul|[KW97] 45-40|2MASS J20211331+2134186|AKARI-IRC-V1 J2021133+213418|IRAS 20189+2124|WISE J202113.30+213418.6|Gaia DR1 1829139022753924096|[WWV2004] J2021133+213416|Gaia DR2 1829139027066224640,1979-04-05,*|Em*|IR|LP*|LP?|MIR|NIR|No*|Sy*|V*,True,False,,,False
V4065 Sgr,V4065 Sgr,V4065 Sgr,TIC 128371774|Gaia DR3 4065235817534912896|AAVSO 1813-24|NOVA Sgr 1980|V4065 Sgr|2MASS J18193820-2443558,1980-10-28,*|NIR|No*|V*,True,False,,,False
V1760 Cyg,V1760 Cyg,V1760 Cyg,TIC 430483740|ATO J325.7373+31.4586|UCAC4 608-130071|WISEA J214256.98+312731.2|ASASSN-V J214256.97+312731.1|AKARI-IRC-V1 J2142569+312731|Gaia DR3 1945896338601117568|AAVSO 2138+31A|EM* StHA  191|NAME Honda's Variable|NOVA Cyg 1980|V1760 Cyg|2MASS J21425695+3127312|[WWV2004] J2142567+312734|Gaia DR2 1945896338601117568|WISE J214256.95+312731.4,1980-11-29,*|Em*|LP*|MIR|Mi*|NIR|No*|Opt|V*,True,False,,,False
V693 CrA,V693 CrA,V693 CrA,AAVSO 1835-37|NOVA CrA 1981|V693 CrA,1981-04-02,No*|V*,True,False,,,False
V1370 Aql,V1370 Aql,V1370 Aql,TIC 182958130|Gaia DR3 4288898099224201856|AAVSO 1918+02|NOVA Aql 1982|V1370 Aql|2MASS J19232125+0229262|Gaia DR2 4288898099224201856,1982-01-27,*|NIR|No*|V*,True,False,,,False
GQ Mus,GQ Mus,GQ Mus,Gaia DR2 5236081560713688448|Gaia DR3 5236081560713688448|AAVSO 1147-66|NOVA Mus 1983|GQ Mus,1983-01-18,*|CV*|No*|V*,True,False,,,False
MU Ser,MU Ser,MU Ser,AAVSO 1751-14|NOVA Ser 1983|MU Ser,1983-02-22,No*|V*,True,False,,,False
GW Lib,GW Lib,GW Lib,TIC 225798235|Gaia DR3 6226943645600487552|3XMM J151955.2-250024|SBC9 2429|2MASS J15195534-2500245|AAVSO 1514-24|NOVA Lib 1983|USNO-A2.0 0600-17903832|GW Lib|Gaia DR2 6226943645600487552|1eRASS J151955.1-250027,1983-08-10,*|CV*|NIR|No*|PM*|SB*|V*|WD*|WD?|X,True,False,,,False
UW Tri,UW Tri,UW Tri,SDSS J024517.23+333125.6|AAVSO 0239+33|NOVA Tri 1983|SV* SVS  2558|UW Tri|CRTS J024517.2+333126,1983-09-11,CV?|No*|Opt|V*,True,False,,,False
V341 Nor,V341 Nor,V341 Nor,AAVSO 1606-53|NOVA Nor 1983|V341 Nor,1983-09-19,No*|V*,True,False,,,False
V4092 Sgr,V4092 Sgr,V4092 Sgr,AAVSO 1747-29|NOVA Sgr 1984|V4092 Sgr,1984-09-25,No*|V*,True,False,,,False
QU Vul,QU Vul,QU Vul,Gaia DR2 1860040595206017664|AAVSO 2022+27|NAME Nova Vul 2|NOVA Vul 1984 b|QU Vul,1984-12-18,*|CV*|No*|V*,True,False,,,False
V344 Nor,V344 Nor,V344 Nor,TIC 190137405|ASASSN-V J154030.42-511254.5|WISEA J154030.58-511254.7|WISE J154030.52-511254.6|AKARI-IRC-V1 J1540305-511255|OGLE GD1168.15.29925|OGLE GD-LPV-9272|Gaia DR3 5889211056961904512|EQ 153648-510323|IRAS 15368-5103|NOVA Nor 1985 a|NOVA Nor 1985|V344 Nor|2MASS J15403051-5112548|Gaia DR2 5889211056961904512,1985-01-26,*|IR|LP*|LP?|MIR|Mi*|NIR|No*|V*,True,False,,,False
V842 Cen,V842 Cen,V842 Cen,TIC 411603422|Gaia DR3 5891405647833287296|AAVSO 1428-57|NOVA Cen 1986|V842 Cen|2MASS J14355255-5737352|Gaia DR2 5891405647833287296|1eRASS J143553.1-573739,1986-11-22,*|CV*|NIR|No*|V*|X,True,False,,,False
OS And,OS And,OS And,AAVSO 2307+46|NOVA And 1986|OS And,1986-12-05,No*|V*,True,False,,,False
V827 Her,V827 Her,V827 Her,AAVSO 1839+15|NOVA Her 1987|V827 Her,1987-01-25,No*|V*,True,False,,,False
QV Vul,QV Vul,QV Vul,Gaia DR2 4520655771453037184|SDSS J190440.28+214614.1|Gaia DR3 4520655771453037184|AAVSO 1900+21|NOVA Vul 1987|QV Vul,1987-11-15,*|No*|Opt|V*,True,False,,,False
PQ And,PQ And,PQ And,LAMOST J022929.60+400239.9|WISEA J022929.57+400239.8|Gaia DR3 337940224558062080|AAVSO 0223+39|NAME TAV 0226+39|NOVA And 1988|PQ And|PM J02294+4002|USNO-B1.0 1300-00042971|WISE J022929.57+400240.2|Gaia DR2 337940224558062080,1988-03-21,*|CV*|MIR|No*|Opt|PM*|V*|WD*|WD?,True,False,,,False
V2214 Oph,V2214 Oph,V2214 Oph,Gaia DR2 6028898202535507328|AAVSO 1705-29|NOVA Oph 1988|V2214 Oph,1988-04-10,*|CV*|No*|V*,True,False,,,False
V977 Sco,V977 Sco,V977 Sco,TIC 444823053|Gaia DR2 4043500916577398272|Gaia DR3 4043500916577398272|NOVA Sco 1989 b|AAVSO 1745-32|NOVA Sco 1989|V977 Sco|2MASS J17515035-3231575,1989-08-17,*|CV*|NIR|No*|V*,True,False,,,False
V443 Sct,V443 Sct,V443 Sct,AAVSO 1844-06|NOVA Sct 1989|V443 Sct,1989-09-20,No*|V*,True,False,,,False
V4338 Sgr,V4338 Sgr,V4338 Sgr,Gaia DR3 4062334721750845952|AAVSO 1752-29|EQ 175607-290942|NOVA Sgr 1990|V4338 Sgr|OGLE BLG505.19   6254|OGLE BLG206.8  33359|OGLE BUL-SC20 247943|OGLE BLG-ELL-14868|Gaia DR2 4062334721750845952,1990-02-23,*|CV*|EB*|El*|No*|V*,True,False,,,False
GU Mus,GU Mus,GU Mus,Gaia DR3 5234956524083372544|2RE J112617-684044|2RE J1126-684|AAVSO 1120-68|Ginga 1124-68|Ginga 1124-684|Ginga 1124-683|Granat 1124-68|Granat 1121-68|Granat 1124-684|INTREF   452|NOVA Mus 1991|GU Mus|1RXS J112623.5-684040|Gaia DR2 5234956524083372544,1991-01-12,*|HXB|No*|UV|V*|X|gam,True,False,,,False
V838 Her,V838 Her,V838 Her,Gaia DR2 4504548029183559552|AAVSO 1841+12|NOVA Her 1991|V838 Her,1991-03-24,*|CV*|EB*|No*|V*,True,False,,,False
V868 Cen,V868 Cen,V868 Cen,Gaia DR2 5864691672765615616|Gaia DR3 5864691672765615616|AAVSO 1341-62|NOVA Cen 1991|V868 Cen,1991-04-02,*|CV*|No*|V*,True,False,,,False
V2264 Oph,V2264 Oph,V2264 Oph,NOVA Oph 1991 a|AAVSO 1714-26|NOVA Oph 1991|V2264 Oph,1991-04-11,No*|V*,True,False,,,False
V2290 Oph,V2290 Oph,V2290 Oph,V2290 Oph|NOVA Oph 1991 b,1991-04-11,No*|V*,True,False,,,False
V4160 Sgr,V4160 Sgr,V4160 Sgr,AAVSO 1807-32|EQ 1810-3214|NOVA Sgr 1991|V4160 Sgr,1991-07-29,No*|V*,True,False,,,False
V444 Sct,V444 Sct,V444 Sct,AAVSO 1841-08|NOVA Sct 1991|V444 Sct,1991-08-30,No*|V*,True,False,,,False
V351 Pup,V351 Pup,V351 Pup,Gaia DR2 5544772684308712192|Gaia DR3 5544772684308712192|AAVSO 0807-34|NOVA Pup 1991|V351 Pup,1991-12-27,*|CV*|No*|V*,True,False,,,False
V4157 Sgr,V4157 Sgr,V4157 Sgr,AAVSO 1803-25|NOVA Sgr 1992 a|NOVA Sgr 1992|V4157 Sgr,1992-02-13,CV*|No*|V*,True,False,,,False
V1974 Cyg,V1974 Cyg,V1974 Cyg,TIC 278447515|Gaia DR2 2181756563616247552|WISE J203031.59+523751.8|WISEA J203031.59+523751.8|Gaia DR3 2181756563616247552|AAVSO 2027+52|NOVA Cyg 1992|V1974 Cyg|2MASS J20303161+5237513|2EUVE J2030+52.6|EUVE J2030+52.6|RX J2030.5+5237,1992-02-19,*|CV*|MIR|NIR|No*|UV|V*|X,True,False,,,False
V992 Sco,V992 Sco,V992 Sco,TIC 126173199|Gaia DR3 5965441877425525248|AAVSO 1700-43|EQ 1703-4312|NOVA Sco 1992|V992 Sco|2MASS J17071744-4315220|Gaia DR2 5965441877425525248,1992-05-22,*|CV*|NIR|No*|V*,True,False,,,False
V4169 Sgr,V4169 Sgr,V4169 Sgr,Gaia DR2 4051419667958619776|Gaia DR3 4051419667958619776|AAVSO 1817-28|NOVA Sgr 1992 b|V4169 Sgr,1992-07-09,*|No*|V*,True,False,,,False
V4171 Sgr,V4171 Sgr,V4171 Sgr,AAVSO 1817-23|NOVA Sgr 1992 c|V4171 Sgr,1992-10-13,No*|V*,True,False,,,False
V2295 Oph,V2295 Oph,V2295 Oph,AAVSO 1719-23|NOVA Oph 1993|V2295 Oph,1993-04-14,No*|V*,True,False,,,False
V1419 Aql,V1419 Aql,V1419 Aql,Gaia DR2 4267751638733390592|Gaia DR3 4267751638733390592|AAVSO 1908+01|EQ 1910+014|NOVA Aql 1993|RORF 1910+014|V1419 Aql,1993-05-13,*|No*|Rad|V*,True,False,,,False
V4327 Sgr,V4327 Sgr,V4327 Sgr,AAVSO 1806-29|NOVA Sgr 1993|V4327 Sgr,1993-08-14,No*|V*,True,False,,,False
V705 Cas,V705 Cas,V705 Cas,Gaia DR2 1998676229637930496|AAVSO 2337+56|NOVA Cas 1993|V705 Cas|1SWASP J234147.23+573100.7,1993-12-07,*|CV*|No*|V*,True,False,,,False
V4332 Sgr,V4332 Sgr,V4332 Sgr,TIC 224880311|WISEA J185036.69-212329.0|Gaia DR3 4079029779340685440|AAVSO 1844-21|NOVA Sgr 1994|V4332 Sgr|2MASS J18503669-2123288|EPIC 216975626|Gaia DR2 4079029779340685440|WISE J185036.69-212328.9|DENIS J185036.6-212328,1994-02-24,*|C*?|CV*|LP?|MIR|NIR|No*|V*|smm,True,False,,,False
V4362 Sgr,PTB 42,V4362 Sgr,TIC 432597778|WISE J183023.11-171157.0|WISEA J183023.12-171157.4|PN G015.3-03.3|PTB 42|AAVSO 1824-17|NOVA Sgr 1994 b|V4362 Sgr|2MASS J18302310-1711568,1994-05-16,MIR|NIR|No*|PN|V*,True,False,,,False
V2313 Oph,V2313 Oph,V2313 Oph,AAVSO 1729-19|NOVA Oph 1994|V2313 Oph,1994-06-01,No*|V*,True,False,,,False
BY Cir,BY Cir,BY Cir,Gaia DR2 5874108818084122624|Gaia DR3 5874108818084122624|AAVSO 1436-63|NOVA Cir 1995|BY Cir,1995-01-27,*|CV*|No*|V*,True,False,,,False
V1425 Aql,V1425 Aql,V1425 Aql,Gaia DR2 4262189587387791360|NOVA Aql 1995|V1425 Aql,1995-02-07,*|CV*|No*|V*,True,False,,,False
V888 Cen,V888 Cen,V888 Cen,TIC 438962414|Gaia DR2 6056093557416134400|Gaia DR3 6056093557416134400|AAVSO 1256-59|NOVA Cen 1995|V888 Cen|2MASS J13023180-6011362,1995-02-23,*|NIR|No*|V*,True,False,,,False
V723 Cas,V723 Cas,V723 Cas,TIC 252137205|UCAC4 721-009661|WISE J010505.34+540040.3|ATO J016.2723+54.0111|WISEA J010505.34+540040.3|Gaia DR3 411250132279713280|AAVSO 0059+53|NOVA Cas 1995|V723 Cas|2MASS J01050535+5400402|Gaia DR2 411250132279713280,1995-08-24,*|CV*|MIR|NIR|No*|Opt|V*,True,False,,,False
CP Cru,NOVA Cru 1996,CP Cru,Gaia DR2 6057768830885584896|AAVSO 1205-61|CP Cru|NOVA Cru 1996,1996-08-26,*|CV*|No*|V*,True,False,,,False
V1141 Sco,V1141 Sco,V1141 Sco,AAVSO 1747-30|NOVA Sco 1997|V1141 Sco|EQ J1754.2-3002,1997-06-05,No*|V*,True,False,,,False
V4633 Sgr,V4633 Sgr,V4633 Sgr,TIC 49767197|AAVSO 1815-27|NOVA Sgr 1998|V4633 Sgr|2MASS J18214048-2731372|2XMM J182140.5-273136,1998-03-22,*|CV*|NIR|No*|V*|X,True,False,,,False
V2487 Oph,V2487 Oph,V2487 Oph,TIC 230772569|[KRL2007b] 246|IGR J17320-1914|AAVSO 1726-19|NOVA Oph 1998|V2487 Oph|1RXS J173200.0-191349|2MASS J17315980-1913561|PBC J1731.9-1914|USNO-A1.0 0675-13305963|2XMM J173159.7-191355|SWIFT J1731.9-1915,1998-06-15,*|CV*|NIR|No*|V*|X|gam,True,False,,,False
V1142 Sco,V1142 Sco,V1142 Sco,AAVSO 1749-31|NOVA Sco 1998|V1142 Sco,1998-10-21,No*|V*,True,False,,,False
LZ Mus,LZ Mus,LZ Mus,TIC 306023513|Gaia DR2 5332325081994445696|AAVSO 1151-65|NOVA Mus 1998|LZ Mus|2MASS J11560927-6534201,1998-12-29,*|CV*|NIR|No*|V*,True,False,,,False
V4444 Sgr,V4444 Sgr,V4444 Sgr,TIC 248414728|OGLEII DIA BUL-SC19   1874|AAVSO 1801-27|NOVA Sgr 1999|V4444 Sgr|2MASS J18073619-2720132,1999-04-25,NIR|No*|V*,True,False,,,False
V382 Vel,V382 Vel,V382 Vel,ASAS J104448-5225.5|AAVSO 1040-51|NOVA Vel 1999|V382 Vel|UCAC4 188-056854|2MASS J10444840-5225310|WISE J104448.44-522530.8|Gaia DR3 5354475121660180096|USNO-A2.0 0375-12052050|Gaia DR2 5354475121660180096,1999-05-22,*|CV*|MIR|NIR|No*|V*,True,False,,,False
V1493 Aql,V1493 Aql,V1493 Aql,Gaia DR2 4313918654563864192|AAVSO 1903+12|NOVA Aql 1999|NOVA Aql 1999 a|V1493 Aql,1999-07-13,*|CV*|No*|V*,True,False,,,False
DD Cir,DD Cir,DD Cir,TIC 449041534|AAVSO 1415-68|NOVA Cir 1999|DD Cir|2MASS J14232340-6908452,1999-08-23,NIR|No*|V*,True,False,,,False
V1494 Aql,V1494 Aql,V1494 Aql,Gaia DR2 4292840222039932672|AAVSO 1918+04|NOVA Aql 1999 b|V1494 Aql,1999-12-01,*|CV*|EB*|No*|V*,True,False,,,False
V4642 Sgr,V4642 Sgr,V4642 Sgr,Gaia DR2 4119225897276223360|Gaia DR3 4119225897276223360|AAVSO 1749-19|NOVA Sgr 2000|V4642 Sgr,2000-02-04,*|No*|V*,True,False,,,False
V463 Sct,V463 Sct,V463 Sct,AAVSO 1828-14|Had V46|NOVA Sct 2000|V463 Sct,2000-03-05,No*|V*,True,False,,,False
V445 Pup,V445 Pup,V445 Pup,TIC 110608220|UCAC4 321-028955|WISE J073756.89-255658.9|WISEA J073756.89-255658.9|Gaia DR3 5614101084334720000|AAVSO 0733-25|V445 Pup|NOVA Pup 2000|2MASS J07375688-2556589|Gaia DR2 5614101084334720000|USNO-A2.0 0600-06937901|DENIS J073756.8-255659,2000-11-22,*|CV*|MIR|NIR|No*|V*,True,False,,,False
V4643 Sgr,V4643 Sgr,V4643 Sgr,TIC 133754112|Gaia DR3 4063915686330116864|AAVSO 1748-26|NOVA Sgr 2001|V4643 Sgr|2MASS J17544041-2614154|Gaia DR2 4063915686330116864|USNO-A2.0 0600-29446361,2001-02-24,*|NIR|No*|V*,True,False,,,False
V1178 Sco,V1178 Sco,V1178 Sco,TIC 260747077|AAVSO 1750-32|Had V92|NOVA Sco 2001|V1178 Sco|EQ J1757-3223|2MASS J17570664-3223053,2001-05-13,NIR|No*|V*,True,False,,,False
V2274 Cyg,V2274 Cyg,V2274 Cyg,Gaia DR2 2059110435281147264|AAVSO 2003+35|NOVA Cyg 2001|NOVA Cyg 2001 a|V2274 Cyg,2001-07-13,*|CV*|No*|V*,True,False,,,False
V2275 Cyg,V2275 Cyg,V2275 Cyg,TIC 289786644|Gaia DR3 2165524400435870464|AAVSO 2059+48|NOVA Cyg 2001 b|V2275 Cyg|2MASS J21030196+4845534|Gaia DR2 2165524400435870464|USNO-A2.0 1350-13345102,2001-08-18,*|CV*|NIR|No*|V*,True,False,,,False
V4739 Sgr,V4739 Sgr,V4739 Sgr,AAVSO 1818-30B|NOVA Sgr 2001 b|V4739 Sgr,2001-08-26,No*|V*,True,False,,,False
V4740 Sgr,V4740 Sgr,V4740 Sgr,AAVSO 1805-30|NOVA Sgr 2001 c|V4740 Sgr,2001-09-05,No*|V*,True,False,,,False
V1039 Cen,V1039 Cen,V1039 Cen,Gaia DR3 5852365632055116672|USNO-A2.0 0225-18568174|Gaia DR2 5852365632055116672|AAVSO 1348-63|NOVA Cen 2001|V1039 Cen,2001-10-01,*|CV*|No*|V*,True,False,,,False
IM Nor,IM Nor,IM Nor,Gaia DR2 5886055870915579648|AAVSO 1532-52|NOVA Nor 1920|SV* HV  3532|IM Nor,2002-01-03,*|CV*|No*|V*,True,False,,,False
V2540 Oph,V2540 Oph,V2540 Oph,Gaia DR2 4124769085076395264|AAVSO 1731-16|Had V105|NOVA Oph 2002|V2540 Oph,2002-01-24,*|CV*|No*|V*,True,False,,,False
V4741 Sgr,V4741 Sgr,V4741 Sgr,NOVA Sgr 2002|AAVSO 1753-30B|V4741 Sgr,2002-04-15,No*|V*,True,False,,,False
V4742 Sgr,V4742 Sgr,V4742 Sgr,Gaia DR2 4064404384886943488|AAVSO 1756-25|NOVA Sgr 2002 b|V4742 Sgr|UGPS J180221.86-252032.1|OGLE BLG664.5  13499|OGLE BLG-ECL-126|[RMB2008] G004.9856-01.3900,2002-09-15,*|AB?|CV*|EB*|NIR|No*|V*,True,False,,,False
V4743 Sgr,V4743 Sgr,V4743 Sgr,Gaia DR3 4081719283536234496|USNO-A2.0 0675-31094614|Gaia DR2 4081719283536234496|V4743 Sgr|NOVA Sgr 2002 c|AAVSO 1855-22|2XMM J190109.3-220003|EPIC 216631947|2MASS J19010934-2200062,2002-09-20,*|CV*|NIR|No*|V*|X,True,False,,,False
V4744 Sgr,V4744 Sgr,V4744 Sgr,NOVA Sgr 2002 d|V4744 Sgr,2002-10-25,No*|V*,True,False,,,False
V2573 Oph,V2573 Oph,V2573 Oph,NOVA Oph 2003|V2573 Oph,2003-07-10,No*|V*,True,False,,,False
V5113 Sgr,V5113 Sgr,V5113 Sgr,Gaia DR2 4050947805747239168|NOVA Sgr 2003 b|V5113 Sgr,2003-09-17,*|CV*|No*|V*,True,False,,,False
DE Cir,DE Cir,DE Cir,TIC 455637054|Gaia DR3 5875274742759861632|NOVA Cir 2003|DE Cir|2MASS J15175268-6157162,2003-10-09,*|CV*|NIR|No*|V*,True,False,,,False
V5114 Sgr,V5114 Sgr,V5114 Sgr,NOVA Sgr 2004|V5114 Sgr,2004-03-15,No*|V*,True,False,,,False
V2574 Oph,V2574 Oph,V2574 Oph,Gaia DR2 4116506530138898560|NOVA Oph 2004|V2574 Oph,2004-04-14,*|CV*|No*|V*,True,False,,,False
V1187 Sco,V1187 Sco,V1187 Sco,NOVA Sco 2004 b|V1187 Sco,2004-08-03,No*|V*,True,False,,,False
V574 Pup,V574 Pup,V574 Pup,Gaia DR3 5613739856095351552|USNO-A2.0 0600-07224298|Gaia DR2 5613739856095351552|NOVA Pup 2004|V574 Pup,2004-11-20,*|CV*|No*|V*,True,False,,,False
V2361 Cyg,V2361 Cyg,V2361 Cyg,NOVA Cyg 2005|V2361 Cyg|IPHAS J200919.02+394852.8,2005-02-10,*|No*|V*,True,False,,,False
V382 Nor,V382 Nor,V382 Nor,NOVA Nor 2005|V382 Nor,2005-03-13,No*|V*,True,False,,,False
V5115 Sgr,V5115 Sgr,V5115 Sgr,NOVA Sgr 2005 a|p. NOVA Sgr 2005 No 1|NOVA Sgr 2005|V5115 Sgr,2005-03-28,No*|V*,True,False,,,False
V1663 Aql,V1663 Aql,V1663 Aql,NOVA Aql 2005|V1663 Aql|ASAS J190512+0514.2,2005-06-09,No*|V*,True,False,,,False
V5116 Sgr,V5116 Sgr,V5116 Sgr,Gaia DR2 4049414055762543744|NOVA Sgr 2005 b|V5116 Sgr|OGLE BLG657.24   3809|OGLE BLG-ECL-201,2005-07-04,*|CV*|EB*|No*|V*,True,False,,,False
V1188 Sco,V1188 Sco,V1188 Sco,NOVA Sco 2005|V1188 Sco,2005-07-25,No*|V*,True,False,,,False
V1047 Cen,V1047 Cen,V1047 Cen,NOVA Cen 2005|V1047 Cen,2005-08-01,No*|V*,True,False,,,False
V476 Sct,V476 Sct,V476 Sct,NOVA Sct 2005|V476 Sct,2005-09-30,No*|V*,True,False,,,False
V477 Sct,V477 Sct,V477 Sct,NOVA Sct 2005 b|V477 Sct,2005-10-11,No*|V*,True,False,,,False
V2575 Oph,NOVA Oph 2006,V2575 Oph,V2575 Oph|NOVA Oph 2006,2006-02-09,No*|V*,True,False,,,False
V5117 Sgr,V5117 Sgr,V5117 Sgr,NOVA Sgr 2006|V5117 Sgr,2006-02-17,No*|V*,True,False,,,False
V2362 Cyg,V2362 Cyg,V2362 Cyg,Gaia DR2 1970321714549394304|NOVA Cyg 2006|V2362 Cyg|UGPS J211132.35+444803.7,2006-04-02,*|CV*|NIR|No*|V*,True,False,,,False
V1065 Cen,V1065 Cen,V1065 Cen,TIC 267069451|2MASS J11431012-5804040|V1065 Cen|NOVA Cen 2007|USNO-B1.0 0319-00360318|GSC2 S111210165373,2007-01-23,*|NIR|No*|V*,True,False,,,False
V1280 Sco,V1280 Sco,V1280 Sco,NOVA Sco 2007 a|V1280 Sco|NOVA Sco 2007|Gaia DR3 6026826447672231680,2007-02-04,*|No*|Pu*|V*,True,False,,,False
V1281 Sco,V1281 Sco,V1281 Sco,NOVA Sco 2007 b|V1281 Sco,2007-02-19,No*|V*,True,False,,,False
V2467 Cyg,V2467 Cyg,V2467 Cyg,TIC 15556256|Gaia DR3 2068080976989664768|SDSS J202812.47+414836.3|NOVA Cyg 2007|V2467 Cyg|2MASS J20281249+4148365|USNO-A2.0 1275-13944467|Gaia DR2 2068080976989664768,2007-03-15,*|CV*|NIR|No*|Opt|V*,True,False,,,False
V2615 Oph,V2615 Oph,V2615 Oph,Gaia DR2 4068424229472672256|V2615 Oph|NOVA Oph 2007,2007-03-19,*|CV*|No*|V*,True,False,,,False
V5558 Sgr,V5558 Sgr,V5558 Sgr,Gaia DR2 4095547845604621824|2MASS J18101806-1846516|V5558 Sgr|NOVA Sgr 2007|Gaia DR3 4095547845604621824,2007-04-14,*|NIR|No*|V*,True,False,,,False
V390 Nor,V390 Nor,V390 Nor,V390 Nor|NOVA Nor 2007,2007-06-15,No*|V*,True,False,,,False
V458 Vul,V458 Vul,V458 Vul,PN G058.6-03.6|Gaia DR2 1826449965231860608|NOVA Vul 2007|V458 Vul|USNO-A2.0 1050-15545600|USNO-B1.0 1108-00460444|IPHASX J195424.6+205252,2007-08-04,*|CV*|ISM|No*|PN|V*,True,False,,,False
V598 Pup,V598 Pup,V598 Pup,TIC 157451427|WISEA J070542.50-381439.2|Gaia DR3 5565582591127646336|NOVA Pup 2007 b|V598 Pup|XMMSL1 J070542.7-381442|DENIS J070542.5-381439|WISE J070542.50-381439.1|2MASS J07054250-3814394|USNO-B1.0 0517-00077953|USNO-A2.0 0450-03360039|GSC2 S132310125128|Gaia DR2 5565582591127646336,2007-08-08,*|CV*|HS?|MIR|NIR|No*|V*|X|blu,True,False,,,False
V597 Pup,V597 Pup,V597 Pup,Gaia DR2 5546402675939272576|NOVA Pup 2007|V597 Pup|GSC2.3 S65B052556,2007-08-14,*|CV*|No*|V*,True,False,,,False
V459 Vul,V459 Vul,V459 Vul,NOVA Vul 2007 b|V459 Vul,2007-12-25,No*|V*,True,False,,,False
V2468 Cyg,V2468 Cyg,V2468 Cyg,NOVA Cyg 2008|NOVA Cyg 2008 a|V2468 Cyg|Gaia DR2 2030133463486427776,2008-03-07,*|CV*|No*|V*,True,False,7.4,V,False
NR TrA,NR TrA,NR TrA,Gaia DR3 5831360939882877312|NR TrA|NOVA TrA 2008|Gaia DR2 5831360939882877312,2008-04-01,*|CV*|EB*|No*|V*,True,False,9.2,V,False
V2491 Cyg,V2491 Cyg,V2491 Cyg,Gaia DR3 2033300327537067264|SWIFT J1943.0+3219|1RXS J194259.9+321940|2RXP J194302.0+321912|NOVA Cyg 2008 b|V2491 Cyg|XMMSL1 J194301.9+321911|SWIFT J1942.8+3220|2XMM J194301.7+321912|2XMMi J194301.7+321912|SWIFT J194302.1+321913|USNO-B1.0 1223-00482965|GSC2 N030133067091|Gaia DR2 2033300327537067264,2008-04-10,*|CV*|No*|V*|X,True,False,7.1,V,False
V5579 Sgr,V5579 Sgr,V5579 Sgr,V5579 Sgr|NOVA Sgr 2008,2008-04-18,No*|V*,True,False,8.4,V,False
V2670 Oph,V2670 Oph,V2670 Oph,V2670 Oph|NOVA Oph 2008 a|NOVA Oph 2008,2008-05-25,No*|V*,True,False,10.3,V,False
V2671 Oph,V2671 Oph,V2671 Oph,NOVA Oph 2008 b|V2671 Oph,2008-05-31,No*|V*,True,False,11.3,V,False
V1212 Cen,V1212 Cen,V1212 Cen,[PSP2008] J143503-6406.4|V1212 Cen,2008-08-26,No*|V*,True,False,,,False
V1309 Sco,V1309 Sco,V1309 Sco,WISE J175732.94-304309.8|[MLV2014] A|Gaia DR3 4044184503560991744|[NNK2008b] J175732.94-304310.0|V1309 Sco|NOVA Sco 2008|Gaia DR2 4044184503560991744,2008-09-02,*|CV*|MIR|No*|V*,True,False,9.5,V,False
V1721 Aql,V1721 Aql,V1721 Aql,TIC 196309043|2MASS J19062860+0706444|SSTGLMC G040.9719-00.0832|NOVA Aql 2008|V1721 Aql|[YIN2008] J190628.58+070644.3,2008-09-22,*|CV*|MIR|NIR|No*|V*,True,False,14.0,V,False
QY Mus,QY Mus,QY Mus,Gaia DR3 5845496055203074560|USNO-B1.0 0223-00511401|QY Mus|NOVA Mus 2008|Gaia DR2 5845496055203074560,2008-09-28,*|CV?|No*|V*,True,False,8.6,V,False
V1375 Cen,V1375 Cen,V1375 Cen,TIC 304286537|Gaia DR3 5334608939454354688|NOVA Cen 2008|XMMU J115113.3-623730|2MASS J11511302-6237292|USNO-B1.0 0273-00386669|V1375 Cen|Gaia DR2 5334608939454354688,2008-11-23,*|CV*|NIR|No*|V*|X,True,False,10.5,V,True
V679 Car,V679 Car,V679 Car,V679 Car|NOVA Car 2008,2008-11-26,No*|V*,True,False,7.55,V,False
V5580 Sgr,V5580 Sgr,V5580 Sgr,Gaia DR3 4051490002468668288|V5580 Sgr|NOVA Sgr 2008 b,2008-11-29,*|CV*|EB*|No*|V*,True,False,8.0,V,False
V5582 Sgr,V5582 Sgr,V5582 Sgr,Gaia DR2 4119719440512134400|V5582 Sgr|NOVA Sgr 2009 b,2009-02-23,*|CV*|No*|V*,True,False,11.5,V,False
V5581 Sgr,V5581 Sgr,V5581 Sgr,TIC 203403702|WISE J174408.45-260548.0|WISEA J174408.44-260547.9|Gaia DR3 4067108423275254528|USNO-B1.0 0639-00570762|Gaia DR2 4067108423275254528|V5581 Sgr|NOVA Sgr 2009 a|2MASS J17440846-2605479,2009-04-18,*|CV?|LP?|MIR|NIR|No*|V*,True,False,12.5,V,False
V5581 Sgr,V5581 Sgr,V5581 Sgr,TIC 203403702|WISE J174408.45-260548.0|WISEA J174408.44-260547.9|Gaia DR3 4067108423275254528|USNO-B1.0 0639-00570762|Gaia DR2 4067108423275254528|V5581 Sgr|NOVA Sgr 2009 a|2MASS J17440846-2605479,2009-04-18,*|CV?|LP?|MIR|NIR|No*|V*,True,False,12.5,V,False
V5581 Sgr,V5581 Sgr,V5581 Sgr,TIC 203403702|WISE J174408.45-260548.0|WISEA J174408.44-260547.9|Gaia DR3 4067108423275254528|USNO-B1.0 0639-00570762|Gaia DR2 4067108423275254528|V5581 Sgr|NOVA Sgr 2009 a|2MASS J17440846-2605479,2009-04-21,*|CV?|LP?|MIR|NIR|No*|V*,True,False,,,False
V5581 Sgr,V5581 Sgr,V5581 Sgr,TIC 203403702|WISE J174408.45-260548.0|WISEA J174408.44-260547.9|Gaia DR3 4067108423275254528|USNO-B1.0 0639-00570762|Gaia DR2 4067108423275254528|V5581 Sgr|NOVA Sgr 2009 a|2MASS J17440846-2605479,2009-04-21,*|CV?|LP?|MIR|NIR|No*|V*,True,False,,,False
V1213 Cen,V1213 Cen,V1213 Cen,V1213 Cen|NOVA Cen 2009,2009-05-08,No*|V*,True,False,8.5,V,False
V5583 Sgr,V5583 Sgr,V5583 Sgr,NOVA Sgr 2009 c|V5583 Sgr,2009-08-06,No*|V*,True,False,7.7,V,False
V2672 Oph,V2672 Oph,V2672 Oph,NOVA Oph 2009|V2672 Oph,2009-08-16,No*|V*,True,False,10.0,V,False
V496 Sct,V496 Sct,V496 Sct,NOVA Sct 2009|V496 Sct,2009-10-08,No*|V*,True,False,8.8,V,False
V5584 Sgr,V5584 Sgr,V5584 Sgr,NOVA Sgr 2009 d|V5584 Sgr,2009-10-26,No*|V*,True,False,9.3,V,False
KT Eri,KT Eri,KT Eri,TIC 167485724|USNO-B1.0 0798-00048707|Gaia DR2 3184664584368981760|UCAC4 400-006818|WISE J044754.20-101043.1|KT Eri|NOVA Eri 2009|DENIS J044754.2-101042|ATO J071.9758-10.1786|WISEA J044754.20-101042.7|Gaia DR3 3184664584368981760|2MASS J04475419-1010429|GSC 05325-01837|1eRASS J044754.2-101047,2009-11-25,*|CV*|MIR|NIR|No*|Opt|V*|X,True,False,5.4,V,False
V1722 Aql,V1722 Aql,V1722 Aql,NOVA Aql 2009|V1722 Aql,2009-12-14,No*|V*,True,False,10.9,V,False
V2673 Oph,V2673 Oph,V2673 Oph,V2673 Oph|NOVA Oph 2010,2010-01-15,No*|V*,True,False,8.8,V,False
V5585 Sgr,V5585 Sgr,V5585 Sgr,Gaia DR2 4050728590537062016|NOVA Sgr 2010|V5585 Sgr,2010-01-20,*|CV*|No*|V*,True,False,8.5,V,False
V2674 Oph,V2674 Oph,V2674 Oph,Gaia DR2 4059566739953564672|V2674 Oph|NOVA Oph 2010 b,2010-02-18,*|CV*|No*|V*,True,False,9.4,V,False
V1310 Sco,V1310 Sco,V1310 Sco,NOVA Sco 2010|V1310 Sco,2010-02-20,No*|V*,True,False,10.5,V,False
V407 Cyg,EM* AS  453,V407 Cyg,TIC 357457104|TOI-1330|Gaia DR3 2163465736706055936|2MASS J21020980+4546329|AAVSO 2058+45|AN  148.1940|EM* AS  453|EM* UHA  124|GSC 03588-02258|HBHA 4703-01|MHA 289-90|NOVA Cyg 1936|V407 Cyg|[KW97] 54-36|UCAC3 272-208133|GSC2.3 N324004289|GSC2 N03313304289|Fermi J2102+4542|EQ J2102+4542|2FGL J2102.2+4546|3FGL J2102.3+4547|Gaia DR2 2163465736706055936,2010-03-10,*|Em*|EmO|LP*|NIR|No*|Sy*|V*|ev|gam,True,False,6.8,V,False
V6345 Sgr,WISE J181834.00-284919.6,V6345 Sgr,Gaia DR2 4051342393007427456|V6345 Sgr|WISEA J181834.01-284919.8|WISE J181834.00-284919.6,2010-03-24,*|CV*|MIR|No*|V*,True,False,,,False
V5586 Sgr,V5586 Sgr,V5586 Sgr,2MASS J17530316-2812182|TIC 132145723|V5586 Sgr|NOVA Sgr 2010 b,2010-04-23,CV*|NIR|No*|V*,True,False,11.2,V,False
V1311 Sco,V1311 Sco,V1311 Sco,V1311 Sco|NOVA Sco 2010 b,2010-04-25,No*|V*,True,False,8.6,V,False
V1723 Aql,V1723 Aql,V1723 Aql,V1723 Aql|NOVA Aql 2010,2010-09-11,No*|V*,True,False,12.4,V,False
V5587 Sgr,V5587 Sgr,V5587 Sgr,V5587 Sgr|NOVA Sgr 2011|NOVA Sgr 2011 a|PNV J17474639-2335112,2011-01-25,No*|V*,True,False,11.0,V,False
V5588 Sgr,V5588 Sgr,V5588 Sgr,Gaia DR2 4066628490739652224|V5588 Sgr|NOVA Sgr 2011 b|PNV J18102135-2305306,2011-03-27,*|CV*|No*|V*,True,False,11.7,V,False
V1312 Sco,V1312 Sco,V1312 Sco,V1312 Sco|NOVA Sco 2011|PNV J16551100-3838120,2011-06-01,No*|V*,True,False,9.5,V,False
PNV J14542000-5505030,PR Lup,PNV J14542000-5505030,PR Lup|PNV J14542000-5505030|NOVA Lup 2011,2011-08-04,No*|V*,True,False,8.5,V,False
V1313 Sco,V1313 Sco,V1313 Sco,NOVA Sco 2011 b|PNV J16364440-4132340|PNV J16364300-4132460|V1313 Sco,2011-09-06,No*|V*,True,False,9.1,V,False
V965 Per,V965 Per,V965 Per,NOVA Per 2011|V965 Per,2011-11-07,CV*|No*|V*,True,False,,,False
V834 Car,V834 Car,V834 Car,NOVA Car 2012|V834 Car,2012-02-26,No*|V*,True,False,10.5,V,False
V1368 Cen,V1368 Cen,V1368 Cen,NOVA Cen 2012|PNV J13410800-5815470|V1368 Cen,2012-03-23,No*|V*,True,False,8.4,V,False
V2676 Oph,V2676 Oph,V2676 Oph,NOVA Oph 2012|PNV J17260708-2551454|NOVA Oph 2012 a|V2676 Oph,2012-03-25,No*|V*,True,False,10.9,V,False
V1428 Cen,PNV J14250600-5845360,V1428 Cen,V1428 Cen|PNV J14250600-5845360|NOVA Cen 2012 b,2012-04-04,No*|V*,True,False,9.0,V,False
V5589 Sgr,V5589 Sgr,V5589 Sgr,Gaia DR2 4068844517774588544|NOVA Sgr 2012|PNV J17452791-2305213|V5589 Sgr,2012-04-21,*|CV*|No*|V*,True,False,9.0,V,False
V5863 Sgr,OGLE 2012-NOVA-1,V5863 Sgr,V5863 Sgr|OGLE 2012-NOVA-1,2012-05-02,No*|V*,True,False,12.5,I,False
V5590 Sgr,IRAS 18079-2718,V5590 Sgr,TIC 249298964|WISEA J181103.70-271729.3|Gaia DR3 4062997383662308736|IRAS 18079-2718|AKARI-IRC-V1 J1811037-271728|2MASS J18110370-2717294|WISE J181103.69-271729.3|PNV J18110375-2717276|NOVA Sgr 2012 b|V5590 Sgr|Gaia DR2 4062997383662308736,2012-05-08,*|Em*|IR|LP?|MIR|NIR|No*|Sy?|V*,True,False,12.5,V,False
V2677 Oph,V2677 Oph,V2677 Oph,NOVA Oph 2012 b|PNV J17395600-2447420|V2677 Oph,2012-05-19,No*|V*,True,False,9.5,V,False
V1324 Sco,V1324 Sco,V1324 Sco,Gaia DR3 4043499439062100096|NOVA Sco 2012|MOA  2012-BLG-320|V1324 Sco|Gaia DR2 4043499439062100096,2012-05-22,*|CV*|No*|V*,True,False,9.0,V,False
V5591 Sgr,V5591 Sgr,V5591 Sgr,Gaia DR3 4070639406140587776|NOVA Sgr 2012 c|PNV J17522579-2126215|V5591 Sgr|Gaia DR2 4070639406140587776,2012-06-26,*|No*|V*,True,False,9.0,V,False
V5592 Sgr,V5592 Sgr,V5592 Sgr,NOVA Sgr 2012 d|PNV J18202726-2744263|V5592 Sgr,2012-07-07,No*|V*,True,False,7.7,V,False
V5593 Sgr,V5593 Sgr,V5593 Sgr,Gaia DR3 4094607969324071680|NOVA Sgr 2012 e|PSN J18193700-1907400|PNV J18193700-1907400|V5593 Sgr|Gaia DR2 4094607969324071680,2012-07-16,*|No*|SN?|V*,True,False,12.2,V,False
V959 Mon,V959 Mon,V959 Mon,Gaia DR2 3131126129104233344|2MASS J06393860+0553529|WISE J063938.57+055351.5|WISEA J063938.56+055351.6|NOVA Mon 2012|PNV J06393874+0553520|PSN J06393874+0553520|V959 Mon|Fermi J0639+0548|UGPS J063938.60+055352.9,2012-08-09,*|CV*|MIR|NIR|No*|SN?|V*|gam,True,False,9.4,V,True
V1724 Aql,V1724 Aql,V1724 Aql,PNV J18523496-0018423|NOVA Aql 2012|V1724 Aql,2012-10-20,CV*|No*|V*,True,False,11.2,V,False
V809 Cep,V809 Cep,V809 Cep,NOVA Cep 2013|PNV J23080471+6046521|V809 Cep,2013-02-02,No*|V*,True,False,9.8,V,False
V1533 Sco,V1533 Sco,V1533 Sco,NOVA Sco 2013|V1533 Sco,2013-06-03,No*|V*,True,False,11.3,V,False
V339 Del,V339 Del,V339 Del,ATO J305.8778+20.7676|Gaia DR3 1817026669528976768|NOVA Del 2013|V339 Del|CMC14 J202330.6+204603|GSC2.3 N2PR055540|GSC2 N031233355540|USNO-B1.0 1107-00509795|PNV J20233073+2046041|Gaia DR2 1817026669528976768,2013-08-14,*|CV*|No*|Opt|V*,True,False,4.3,V,False
V1830 Aql,V1830 Aql,V1830 Aql,NOVA Aql 2013|PNV J19023335+0315190|V1830 Aql,2013-10-28,No*|V*,True,False,13.5,V,False
V556 Ser,V556 Ser,V556 Ser,NOVA Ser 2013|PNV J18090346-1112345|V556 Ser,2013-11-24,CV*|No*|V*,True,False,11.7,V,False
V1369 Cen,V1369 Cen,V1369 Cen,TIC 208504429|4FGL J1353.3-5910|Gaia DR3 5870613848610810880|NOVA Cen 2013|V1369 Cen|PNV J13544700-5909080|2MASS J13544534-5909040|USNO-B1.0 0308-00442031|UCAC4 155-128029|Gaia DR2 5870613848610810880,2013-12-02,*|NIR|No*|V*|gam,True,False,3.3,V,False
V5666 Sgr,V5666 Sgr,V5666 Sgr,PNV J18250860-2236024|NOVA Sgr 2014|V5666 Sgr,2014-01-26,No*|V*,True,False,8.7,V,False
V745 Sco,V745 Sco,V745 Sco,UCAC4 284-135625|2MASS J17552222-3314585|WISE J175522.22-331458.5|WISEA J175522.22-331458.6|Gaia DR3 4043221606260719360|AAVSO 1748-33B|NOVA Sco 1937|V745 Sco|OGLE BLG-LPV-120729|Gaia DR2 4043221606260719360|TIC 258891666,2014-02-06,*|LP*|MIR|NIR|No*|Sy*,True,False,9.0,V,False
V745 Sco,V745 Sco,V745 Sco,UCAC4 284-135625|2MASS J17552222-3314585|WISE J175522.22-331458.5|WISEA J175522.22-331458.6|Gaia DR3 4043221606260719360|AAVSO 1748-33B|NOVA Sco 1937|V745 Sco|OGLE BLG-LPV-120729|Gaia DR2 4043221606260719360|TIC 258891666,2014-02-06,*|LP*|MIR|NIR|No*|Sy*,True,False,9.0,V,False
V962 Cep,V962 Cep,V962 Cep,Gaia DR3 2194035978188297728|NOVA Cep 2014|TCP J20542386+6017077|V962 Cep,2014-03-08,*|No*|V*,True,False,11.0,V,False
V1534 Sco,V1534 Sco,V1534 Sco,TIC 151598792|Gaia DR3 5980446951308348800|TCP J17154683-3128303|NOVA Sco 2014|V1534 Sco|WISE J171546.88-312830.9|2MASS J17154687-3128303|Gaia DR2 5980446951308348800,2014-03-26,*|Em*|LP?|MIR|NIR|No*|Sy*|Sy?|V*,True,False,10.1,V,False
V2659 Cyg,V2659 Cyg,V2659 Cyg,Gaia DR2 1861652994654889856|PNV J20214234+3103296|NOVA Cyg 2014|V2659 Cyg,2014-03-31,*|No*|V*,True,False,10.9,V,False
V1535 Sco,V1535 Sco,V1535 Sco,TIC 40156937|WISE J170326.04-350416.2|WISEA J170326.00-350416.0|Gaia DR3 5977998441957259264|2MASS J17032617-3504178|NOVA Sco 2015|PNV J17032620-3504140|V1535 Sco|Gaia DR2 5977998441957259264,2015-02-11,*|C*?|CV*|LP?|MIR|NIR|No*|Sy*|V*,True,False,8.2,V,False
V5667 Sgr,V5667 Sgr,V5667 Sgr,WTP 15aamvqj|V5667 Sgr|NOVA Sgr 2015|PNV J18142514-2554343,2015-02-12,CV*|No*|No?|V*|ev,True,False,9.0,V,False
V1658 Sco,OGLE 2015-NOVA-1,V1658 Sco,V1658 Sco|OGLE 2015-NOVA-1|HIDDEN NAME V* V5852 Sgr,2015-02-15,No*|V*,True,False,12.7,I,False
V5668 Sgr,V5668 Sgr,V5668 Sgr,GALEX J183656.8-285539|UCAC4 306-249734|2MASS J18365683-2855398|PNV J18365700-2855420|4FGL J1837.6-2904|WTP 16aafnbt|Gaia DR3 4048328906465571328|NOVA Sgr 2015 b|V5668 Sgr|USNO-B1.0 0610-00784923|Gaia DR2 4048328906465571328,2015-03-15,*|CV*|NIR|No*|No?|Q?|UV|V*|ev|gam,True,False,4.0,V,False
V2944 Oph,V2944 Oph,V2944 Oph,WTP 15abgjhj|PNV J17291350-1846120|V2944 Oph|NOVA Oph 2015,2015-03-29,No*|No?|V*|ev,True,False,11.9,V,False
V5669 Sgr,V5669 Sgr,V5669 Sgr,Gaia DR2 4062508582302805760|WTP 16aaekyi|PNV J18033275-2816054|V5669 Sgr,2015-09-27,*|No*|No?|V*|ev,True,False,8.7,V,False
V1831 Aql,V1831 Aql,V1831 Aql,WTP 15abpbbz|PNV J19215012+1509248|NOVA Aql 2015|V1831 Aql|ASASSN -15qd,2015-10-05,No*|No?|V*|ev,True,False,14.7,V,False
V2949 Oph,V2949 Oph,V2949 Oph,TCP J17344775-2409042|V2949 Oph,2015-10-11,CV*|No*|V*,True,False,11.7,V,False
V5850 Sgr,V5850 Sgr,V5850 Sgr,PNV J18225925-1914148|V5850 Sgr,2015-10-31,CV*|No*|V*,True,False,11.3,V,False
V555 Nor,V555 Nor,V555 Nor,V555 Nor|ASASSN -16ra|VVV J154145.24-530805.9,2016-03-08,No*|V*,True,False,12.43,V,False
V3661 Oph,V3661 Oph,V3661 Oph,PNV J17355050-2934240|NOVA Oph 2016|V3661 Oph,2016-03-11,No*|V*,True,False,,,False
V1655 Sco,V1655 Sco,V1655 Sco,V1655 Sco|WTP 17aabxsp|NOVA Sco 2016|PNV J17381927-3725077,2016-06-10,No*|No?|V*|ev,True,False,10.4,V,False
V5854 Sgr,OGLE 2016-NOVA-2,V5854 Sgr,V5854 Sgr|OGLE 2016-NOVA-2,2016-07-12,CV*|No*|No?|V*,True,False,13.31,I,False
V5853 Sgr,V5853 Sgr,V5853 Sgr,WTP 16aamwng|ASASSN -16ig|NOVA Sgr 2016 b|V5853 Sgr,2016-08-06,No*|No?|V*|ev,True,False,10.7,V,False
V1656 Sco,V1656 Sco,V1656 Sco,WTP 17aabqyp|ASASSN -16kd|PNV J17225112-3158349|NOVA Sco 2016 b|V1656 Sco|VVV J172251.46-315837.1,2016-09-06,CV*|No*|No?|V*|ev,True,False,11.4,V,False
V1659 Sco,V1659 Sco,V1659 Sco,V1659 Sco|ASASSN -16kb,2016-09-07,CV*|No*|V*,True,False,12.3,V,False
V611 Sct,V611 Sct,V611 Sct,V611 Sct|ATLAS 16crq,2016-09-07,No*|V*|ev,True,False,13.4,V,False
V407 Lup,V407 Lup,V407 Lup,WTP 17aaavpz|ASASSN -16kt|NOVA Lup 2016|V407 Lup|PNV J15290182-4449409|1eRASS J152902.2-444942,2016-09-24,No*|No?|V*|X|ev,True,False,5.6,V,False
V5855 Sgr,V5855 Sgr,V5855 Sgr,WTP 17aahczz|NOVA Sgr 2016 c|V5855 Sgr|OGLE 2017-NOVA-1|OGLE-2017-BLG-0063|TCP J18102829-2729590,2016-10-20,No*|No?|V*|ev,True,False,7.3,V,False
V5856 Sgr,V5856 Sgr,V5856 Sgr,NOVA Sgr 2016 d|PNV J18205200-2822100|ASASSN -16ma|V5856 Sgr,2016-10-25,No*|V*,True,False,5.4,V,False
V1657 Sco,V1657 Sco,V1657 Sco,V1657 Sco|NOVA Sco 2017|PNV J16521887-3754189,2017-02-01,CV*|No*|V*,True,False,11.7,V,False
V3662 Oph,V3662 Oph,V3662 Oph,TCP J17394608-2457555|V3662 Oph|NOVA Oph 2017,2017-05-08,No*|V*,True,False,14.1,V,False
V1405 Cen,V1405 Cen,V1405 Cen,ASASSN -17gk|V1405 Cen|WTP 17aaexxo,2017-05-17,No*|No?|V*|ev,True,False,10.9,V,False
V612 Sct,V612 Sct,V612 Sct,V612 Sct|ASASSN -17ib|ASASSN -17hx|NOVA Sct 2017,2017-06-19,No*|V*,True,False,8.5,V,False
V549 Vel,V549 Vel,V549 Vel,Gaia 19dff|TIC 29045839|Gaia DR2 5328722978788574080|WISEA J085029.64-474527.9|WTP 18aadrrk|V549 Vel|NOVA Vel 2017|ASASSN -17mt|2MASS J08502962-4745283|WISE J085029.63-474528.0|DENIS J085029.6-474529|GSC2 S133102223561,2017-09-24,*|CV*|MIR|NIR|No*|No?|V*|ev,True,False,9.3,V,False
V3664 Oph,[KW2003]  11,V3664 Oph,TIC 86351971|PNV J17244011-2421463|UCAC4 329-100286|WISE J172439.95-242147.4|ATO J261.1665-24.3631|V3664 Oph|WISEA J172439.95-242147.5|Gaia DR3 4110870983327739008|[KW2003]  11|2MASS J17243996-2421474|Gaia DR2 4110870983327739008,2017-10-02,*|CV?|Em*|LP?|MIR|Mi*|NIR|No*|Opt|V*,True,False,12.5,V,False
V1660 Sco,VVV J173034.12-310607.0,V1660 Sco,V1660 Sco|Gaia DR3 4057953206583126400|Gaia DR1 4057953206583126400|VVV J173034.12-310607.0|ASASSN -17nj|Gaia DR2 4057953206583126400,2017-10-14,*|CV*|No?|V*|ev,True,False,13.0,V,False
ASASSN-17no,ASASSN -17no,ASASSN-17no,Gaia 18ajn|AT 2018tm|ASASSN -17no,2017-10-17,ev,False,False,14.1,V,False
V3663 Oph,PNV J17184490-2454220,V3663 Oph,PNV J17184490-2454220|V3663 Oph|PNV J17184504-2454221,2017-11-11,No*|V*,True,False,9.4,V,False
V357 Mus,V357 Mus,V357 Mus,V357 Mus|WTP 19aaafqj|PNV J11261220-6531086|NOVA Mus 2018,2018-01-14,No*|No?|V*|ev,True,False,6.5,V,False
V1661 Sco,V1661 Sco,V1661 Sco,V1661 Sco|NOVA Sco 2018|WTP 18aagrvf|PNV J17180658-3204279,2018-01-17,No*|No?|V*|ev,True,False,10.2,V,False
Nova Circini 2018,FM Cir,Nova Circini 2018,FM Cir|WTP 18aafjde|PNV J13532700-6725110|NOVA Cir 2018,2018-01-19,No*|No?|V*|ev,True,False,5.9,V,False
V1662 Sco,V1662 Sco,V1662 Sco,V1662 Sco|NOVA Sco 2018 b|PNV J16484962-4457032,2018-02-06,No*|V*,True,False,10.1,V,False
V1663 Sco,V1663 Sco,V1663 Sco,V1663 Sco|ASASSN -18ds,2018-02-24,No*|V*,True,False,12.3,V,False
V3665 Oph,V3665 Oph,V3665 Oph,V3665 Oph|WTP 18aabruk|NOVA Oph 2018 b|PNV J17140261-2849237|TCP J17140253-2849233,2018-03-10,No*|No?|V*|ev,True,False,9.4,V,False
V906 Car,V906 Car,V906 Car,SNR G286.5-01.2|4FGL J1036.2-5936|Gaia DR3 5254540166225866496|Gaia DR1 5254540166225866496|VPHAS J103615.4-593553.7|ASASSN -18fv|NOVA Car 2018|Gaia DR2 5254540166225866496|V906 Car,2018-03-22,*|No*|Rad|SNR|SR?|V*|gam,True,False,5.9,V,False
TCP J07134590-2112330,V435 CMa,TCP J07134590-2112330,V435 CMa|WTP 19aabpmc|TCP J07134590-2112330|NOVA CMa 2018,2018-03-24,No*|No?|V*|ev,True,False,12.0,V,False
V5857 Sgr,PNV J18040967-1803581,V5857 Sgr,V5857 Sgr|WTP 19aabrsm|PNV J18040967-1803581,2018-04-08,No*|No?|V*|ev,True,False,10.8,V,False
V392 Per,V392 Per,V392 Per,TIC 391262466|ATO J070.8390+47.3571|Gaia DR3 254361745823908736|2MASS J04432138+4721257|SV* SON 10653|V392 Per|Gaia DR2 254361745823908736|NOVA Per 2018|TCP J04432130+4721280,2018-04-29,*|CV*|NIR|No*|Opt|V*,True,False,6.2,V,False
V408 Lup,PNV J15384000-4744500,V408 Lup,V408 Lup|WTP 18aafskc|PNV J15384000-4744500|NOVA Lup 2018,2018-06-03,No*|No?|V*|ev,True,False,9.0,V,False
V613 Sct,V613 Sct,V613 Sct,NOVA Sct 2018|TCP J18292290-1430460|V613 Sct,2018-06-29,No*|V*,True,False,10.3,V,False
V3666 Oph,PNV J17422408-2053088,V3666 Oph,V3666 Oph|PNV J17422408-2053088|WTP 19aablwf,2018-08-08,No*|No?|V*|ev,True,False,9.0,V,False
Gaia18cew,AT 2018fcz,Gaia18cew,Gaia 18cew|AT 2018fcz|WTP 18aahazj,2018-08-13,No?|ev,True,False,14.9,V,False
V556 Nor,PNV J16143400-5330050,V556 Nor,PNV J16143400-5330050|NOVA Nor 2018|V556 Nor,2018-10-13,No*|V*,True,False,10.16,V,False
Gaia19buy,NOVA Aql 2019,Gaia19buy,AT 2019flb|Gaia 19buy|PGIR 20fbe|ZTF19aaontsz|WTP 19aacesp|NOVA Aql 2019,2019-04-02,No*|No?|ev,True,False,16.23,V,False
V1706 Sco,V1706 Sco,V1706 Sco,WTP 19aagaly|AT 2019fez|V1706 Sco|ASASSN -19mo|NOVA Sco 2019,2019-05-13,CV*|No*|No?|V*|ev,True,False,13.0,V,False
V3731 Oph,V3731 Oph,V3731 Oph,V3731 Oph|ZTF19abgnhzj|PGIR 20ekz|AT 2019aafo,2019-07-12,CV*|No*|V*|ev,True,False,13.3,V,False
V2860 Ori,V2860 Ori,V2860 Ori,NOVA Ori 2019 a|PNV J06095740+1212255|PGIR 19bte|Gaia DR3 3342442918113299328|Gaia DR2 3342442918113299328|V2860 Ori,2019-08-07,*|No*|V*|ev,True,False,9.4,V,False
V569 Vul,V569 Vul,V569 Vul,V569 Vul|PGIR 19bgv|AT 2019owg|WTP 19aaiklb|ZTF19abqknsv|Gaia 19dum,2019-08-18,No*|No?|V*|ev,True,False,16.3,g,False
V3890 Sgr,V3890 Sgr,V3890 Sgr,TIC 226364061|UCAC4 330-158966|WISE J183043.28-240108.8|ATO J277.6803-24.0191|WISEA J183043.28-240108.9|PGIR 19fai|Gaia DR3 4077352126434336640|AAVSO 1824-24|NOVA Sgr 1962|SS 390|UCAC1  23612566|V3890 Sgr|2MASS J18304328-2401089|1RXS J183042.8-240104|OGLE BLG-LPV-232381|Gaia DR2 4077352126434336640,2019-08-27,*|Em*|LP*|LP?|MIR|NIR|No*|Opt|V*|X|ev,True,False,6.7,V,False
V3730 Oph,AT 2019qfj,V3730 Oph,V3730 Oph|Gaia 19edn|AT 2019qfj,2019-09-14,No*|V*|ev,True,False,12.3,V,False
V1707 Sco,V1707 Sco,V1707 Sco,PNV J17370958-3510211|V1707 Sco|NOVA Sco 2019 b,2019-09-15,No*|V*,True,False,10.3,V,False
V2891 Cyg,V2891 Cyg,V2891 Cyg,UGPS J210925.52+481052.3|PSO J317.3563+48.1811|NOVA Cyg 2019|PGIR 19brv|AT 2019qwf|WTP 19aaitdo|Gaia 19ext|ZTF19abyukuy|V2891 Cyg,2019-09-17,*|CV*|NIR|No*|No?|Opt|V*|ev,True,False,10.6,J,False
V659 Sct,V659 Sct,V659 Sct,PGIR 20dcl|AT 2019tpb|WTP 20aabyty|NOVA Sct 2019|V659 Sct|ASASSN -19aad|TCP J18395972-1025415,2019-10-29,No*|No?|V*|ev,True,False,8.3,V,False
V6566 Sgr,PNV J17561375-2942546,V6566 Sgr,V6566 Sgr|WTP 20aabpov|PNV J17561375-2942546,2020-01-30,No*|No?|V*|ev,True,False,11.03,V,False
V670 Ser,TCP J18104219-1534184,V670 Ser,TCP J18104219-1534184|V670 Ser,2020-02-22,No*|V*,True,False,11.8,V,False
V1709 Sco,PNV J17120009-4017560,V1709 Sco,PNV J17120009-4017560|V1709 Sco,2020-04-05,No*|V*,True,False,12.7,V,False
V2000 Aql,V2000 Aql,V2000 Aql,MASTER OT J184353.33+000350.9|V2000 Aql|PGIR 20duo|AT 2020kvq,2020-05-12,No*|V*|ev,True,False,15.6,r,False
V6567 Sgr,V6567 Sgr,V6567 Sgr,ASASSN -20ga|ZTF20abdpwst|NOVA Sgr 2020 b|V6567 Sgr|PGIR 20dsv|AT 2020lrv,2020-05-31,CV*|No*|V*|ev,True,False,15.3,V,False
Gaia20dfb,AT 2020oju,Gaia20dfb,Gaia 20dfb|AT 2020oju,2020-07-09,No*|ev,True,False,15.9,V,False
V2029 Aql,V2029 Aql,V2029 Aql,V2029 Aql|PGIR 20eig|AT 2020qpq,2020-07-13,CV*|No*|V*|ev,True,False,13.35,J,False
YZ Ret,YZ Ret,YZ Ret,YZ Ret|4FGL J0358.5-5432|HIDDEN NAME MGAB-V207|Gaia DR3 4731746232846281344|UCAC4 177-003680|2MASS J03582954-5446411|TIC 198005084|NOVA Ret 2020|EC 03572-5455|Gaia DR2 4731746232846281344|Gaia 20elz,2020-07-15,*|HS?|NIR|No*|V*|WD?|blu|ev|gam,True,False,3.7,V,False
V6568 Sgr,V6568 Sgr,V6568 Sgr,PNV J17580848-3005376|NOVA Sgr 2020 c|V6568 Sgr,2020-07-16,CV*|No*|V*,True,False,9.9,V,False
V1391 Cas,V1391 Cas,V1391 Cas,NOVA Cas 2020|V1391 Cas|TCP J00114297+6611190|PGIR 20emj,2020-07-27,CV*|No*|V*|ev,True,False,10.6,V,False
V1708 Sco,V1708 Sco,V1708 Sco,TCP J17234205-3103072|NOVA Sco 2020|V1708 Sco|WISE J172342.06-310309.1|WISEA J172342.05-310309.2,2020-09-08,**|MIR|No*|V*|ev,True,False,12.3,V,False
V6593 Sgr,V6593 Sgr,V6593 Sgr,V6593 Sgr|PGIR 20evr|AT 2020urz,2020-10-02,No*|No?|V*|ev,True,False,10.3,V,False
V1112 Per,TCP J04291888+4354233,V1112 Per,TCP J04291884+4354232|NOVA Per 2020|TCP J04291888+4354233|V1112 Per|PGIR 20fbf,2020-11-25,No*|V*|ev,True,False,8.3,V,False
V3732 Oph,NOVA Oph 2021,V3732 Oph,Gaia 21avt|AT 2021ddo|V3732 Oph|NOVA Oph 2021,2021-02-15,No*|V*|ev,True,False,15.75,G,False
V1405 Cas,NOVA Cas 2021,V1405 Cas,PNV J23244760+6111140|V1405 Cas|NOVA Cas 2021|2MASS J23244772+6111149|Gaia 21bpe|TIC 269819908|UCAC4 756-077930|Gaia DR3 2015451512907540480,2021-03-18,*|NIR|No*|V*|ev,True,False,5.1,V,False
V6594 Sgr,ASASSN -21eh,V6594 Sgr,TCP J18490521-1902054|ASASSN -21eh|V6594 Sgr,2021-03-25,No*|V*,True,False,9.3,V,False
V6595 Sgr,V6595 Sgr,V6595 Sgr,PNV J17581670-2914490|V6595 Sgr|NOVA Sgr 2021 b,2021-04-04,No*|V*,True,False,7.7,V,False
V1710 Sco,V1710 Sco,V1710 Sco,ASASSN -21fh|V1710 Sco|NOVA Sco 2021|AT 2021jiu|PNV J17091000-3730500,2021-04-11,No*|V*|ev,True,False,8.7,V,False
V2030 Aql,AT 2021kgk,V2030 Aql,PGIR 21fjn|AT 2021kgk|V2030 Aql,2021-04-19,No*|V*|ev,True,False,,,False
Gaia21cpb,AT 2021nwn,Gaia21cpb,AT 2021nwn|Gaia 21cpb|PGIR 21fvh,2021-05-07,No*|ev,True,False,15.133,G,False
V1674 Her,NOVA Her 2021,V1674 Her,NOVA Her 2021|V1674 Her|TCP J18573095+1653396|ZTF19aasfsjq|Gaia DR3 4514092717838547584,2021-06-12,*|No*|V*|ev,True,False,6.0,V,False
V1711 Sco,ASASSN -21lk,V1711 Sco,ASASSN -21lk|AT 2021quw|V1711 Sco,2021-06-22,No*|V*|ev,True,False,12.7,V,False
V606 Vul,TCP J20210770+2914093,V606 Vul,TCP J20210770+2914093|V606 Vul,2021-07-16,No*|V*,True,False,10.0,V,False
Gaia21dwe,AT 2021wkq,Gaia21dwe,Gaia 21dwe|AT 2021wkq,2021-08-18,No*|ev,True,False,16.33,G,False
ASASSN-21pa,ASASSN -21pa,ASASSN-21pa,Gaia 21dyi|ASASSN -21pa,2021-08-22,No*|ev,True,False,14.86,G,False
WTP,,WTP,,2021-09-10,,False,False,,,False
Gaia21ejf,AT 2021aaav,Gaia21ejf,Gaia 21ejf|AT 2021aaav,2021-09-19,No*|ev,True,False,18.23,G,False
Gaia21ejq,AT 2021aadi,Gaia21ejq,PGIR 21git|Gaia 21ejq|AT 2021aadi,2021-09-19,No*|ev,True,False,17.26,G,False
Gaia21esm,AT 2021abxa,Gaia21esm,Gaia 21esm|AT 2021abxa,2021-09-20,No*|ev,True,False,13.77,G,False
Gaia21eqn,AT 2021abud,Gaia21eqn,Gaia 21eqn|AT 2021abud,2021-10-06,No*|ev,True,False,13.86,G,False
Gaia22alz,AT 2022bpq,Gaia22alz,AT 2022bpq|Gaia 22alz|Gaia DR3 5307057922488654848|NAME Nova Velorum 2022|WTP 22aabjjk,2022-02-04,*|No*|ev,True,False,10.8,V,False
Gaia22bhs,AT 2022gjz,Gaia22bhs,Gaia 22bhs|AT 2022gjz,2022-02-27,No*|ev,True,False,17.55,G,False
PGIR22gjh,AT 2022iev,PGIR22gjh,AT 2022iev|PGIR 22gjh,2022-04-24,No*|ev,True,False,9.4,J,False
V415 Mus,,V415 Mus,,2022-06-08,,False,False,8.7,g,False
TCP J15244460-6059200,TCP J15244460-6059200,TCP J15244460-6059200,TCP J15244460-6059200|FQ Cir,2022-06-25,V*,False,False,10.7,V,False
PGIR22akgylf,,PGIR22akgylf,,2022-08-16,,False,False,,,True
V6596 Sgr,,V6596 Sgr,,2023-02-19,,False,False,9.6,V,False
Gaia23azk,AT 2023ctx,Gaia23azk,Gaia 23azk|AT 2023ctx,2023-03-05,No*|ev,True,False,13.9,G,False
PGIR23gjp,AT 2023gde,PGIR23gjp,AT 2023gde|PGIR 23gjp|ZTF23aafailn,2023-04-12,No*|ev,True,False,9.5,J,False
ZTF23aagmerr,ZTF23aagmerr,ZTF23aagmerr,ZTF23aagmerr,2023-04-19,No*|ev,True,False,16.44,r,False
V1716 Sco,NOVA Sco 2023,V1716 Sco,PNV J17224490-4137160|NOVA Sco 2023|V1716 Sco,2023-04-20,No*|V*,True,False,7.3,V,False
V6597 Sgr,,V6597 Sgr,,2023-05-16,,False,False,13.9,V,False
V567 Nor,,V567 Nor,,2023-06-27,,False,False,13.9,V,False
V6598 Sgr,TCP J17525020-2024150,V6598 Sgr,TCP J17525020-2024150|V6598 Sgr|Gaia DR3 4118800145787192064,2023-07-15,*|No*|V*,True,False,10.3,V,False
V1717 Sco,TCP J17282355-3113163,V1717 Sco,TCP J17282355-3113163|V1717 Sco,2023-07-24,No*|V*,True,False,13.5,V,False
V1718 Sco,,V1718 Sco,,2023-08-31,,False,False,13.1,V,False
AT 2023tow,AT 2023tow,AT 2023tow,AT 2023tow|Gaia 23coj|ZTF23abceaws,2023-09-11,No*|ev,True,False,12.26,G,False
V6620 Sgr,PNV J18025353-2914151,V6620 Sgr,PNV J18025353-2914151|V6620 Sgr,2024-01-27,No*|V*,True,False,9.7,V,False
V1723 Sco,NOVA Sco 2024,V1723 Sco,PNV J17261813-3809354|NOVA Sco 2024|V1723 Sco,2024-02-08,No*|V*,True,False,6.8,V,False
V4370 Oph,,V4370 Oph,,2024-03-10,,False,False,10.3,V,False
V1724 Sco,,V1724 Sco,,2024-03-19,,False,False,14.1,g,False
ZTF24aaomlxy,,ZTF24aaomlxy,,2024-05-19,,False,False,,,True
PRIME24aadwvh,,PRIME24aadwvh,,2024-07-15,,False,False,11.3,H,False
TCP J17490276-2324066,,TCP J17490276-2324066,,2024-07-17,,False,False,11.3,V,False
V615 Vul,,V615 Vul,,2024-07-29,,False,False,9.7,V,False
V1725 Sco,,V1725 Sco,,2024-09-09,,False,False,10.6,V,False
V7991 Sgr,,V7991 Sgr,,2025-01-26,,False,False,9.0,V,False
V7992 Sgr,,V7992 Sgr,,2025-01-29,,False,False,10.1,V,False
PRIME25aaghjd,,PRIME25aaghjd,,2025-02-16,,False,False,8.7,H,False
V7993 Sgr,,V7993 Sgr,,2025-03-24,,False,False,10.3,V,False
V462 Lup,,V462 Lup,,2025-06-12,,False,False,5.4,V,False
V572 Vel,,V572 Vel,,2025-06-25,,False,False,4.8,V,False
V691 Ser,,V691 Ser,,2025-07-17,,False,False,11.9,V,False
V4371 Oph,,V4371 Oph,,2025-09-05,,False,False,10.8,V,False
V7994 Sgr,,V7994 Sgr,,2025-09-21,,False,False,6.6,V,False
V1935 Cen,,V1935 Cen,,2025-09-22,,False,False,7.2,V,False
PNV J12312434-5907133,,PNV J12312434-5907133,,2025-11-29,,False,False,12.1,CV,False
Fermi J1820-1648,,Fermi J1820-1648,,2026-02-18,,False,False,13.12,Ic,False
