Primary_Name,Discovery,Peak
Fermi J1820-1648,2/18/26,Ic=13.12
PNV J12312434-5907133,11/29/25,CV=12.1
V1935 Cen,9/22/25,7.2
V7994 Sgr,9/21/25,6.6
V4371 Oph,9/5/25,10.8
V691 Ser,7/17/25,11.9
V572 Vel,6/25/25,4.8
V462 Lup,6/12/25,5.4
V7993 Sgr,3/24/25,10.3
PRIME25aaghjd,2/16/25,H=8.7
V7992 Sgr,1/29/25,10.1
V7991 Sgr,1/26/25,9
V1725 Sco,9/9/24,10.6
V615 Vul,7/29/24,9.7
TCP J17490276-2324066,7/17/24,11.3
PRIME24aadwvh,7/15/24,H=11.3
ZTF24aaomlxy,5/19/24,g~20.2
V1724 Sco,3/19/24,g=14.1
V4370 Oph,3/10/24,10.3
V1723 Sco,2/8/24,6.8
V6620 Sgr,1/27/24,9.7
AT 2023tow,9/11/23,G=12.26
V1718 Sco,8/31/23,13.1
V1717 Sco,7/24/23,13.5
V6598 Sgr,7/15/23,10.3
V567 Nor,6/27/23,13.9
V6597 Sgr,5/16/23,13.9
V1716 Sco,4/20/23,7.3
ZTF23aagmerr,4/19/23,r=16.44
PGIR23gjp,4/12/23,J=9.5
Gaia23azk,3/5/23,G=13.9
V6596 Sgr,2/19/23,9.6
PGIR22akgylf,8/16/22,g~18
TCP J15244460-6059200,6/25/22,10.7
V415 Mus,6/8/22,g=8.7
PGIR22gjh,4/24/22,J=9.4
Gaia22bhs,2/27/22,G=17.55
Gaia22alz,2/4/22,10.8
Gaia21eqn,10/6/21,G=13.86
Gaia21esm,9/20/21,G=13.77
Gaia21ejf,9/19/21,G=18.23
Gaia21ejq,9/19/21,G=17.26
WTP,9/10/21,AB(WISE)=10.50
ASASSN-21pa,8/22/21,G=14.86
Gaia21dwe,8/18/21,G=16.33
V606 Vul,7/16/21,10
V1711 Sco,6/22/21,12.7
V1674 Her,6/12/21,6
Gaia21cpb,5/7/21,15.133 (G)
V2030 Aql,4/19/21,9.1 (J) 17.5 (r)
V1710 Sco,4/11/21,8.7
V6595 Sgr,4/4/21,7.7
V6594 Sgr,3/25/21,9.3
V1405 Cas,3/18/21,5.1
V3732 Oph,2/15/21,15.75 (G)
V1112 Per,11/25/20,8.3
V6593 Sgr,10/2/20,10.3
V1708 Sco,9/8/20,12.3
V1391 Cas,7/27/20,10.6
V6568 Sgr,7/16/20,9.9
YZ Ret,7/15/20,3.7
V2029 Aql,7/13/20,13.35 (J)
Gaia20dfb,7/9/20,15.9
V6567 Sgr,5/31/20,15.3
V2000 Aql,5/12/20,15.6 (r)
V1709 Sco,4/5/20,12.7
V670 Ser,2/22/20,11.8
V6566 Sgr,1/30/20,11.03
V659 Sct,10/29/19,8.3
V2891 Cyg,9/17/19,10.6 (J)
V1707 Sco,9/15/19,10.3
V3730 Oph,9/14/19,12.3
V3890 Sgr,8/27/19,6.7
V569 Vul,8/18/19,16.3 (g)
V2860 Ori,8/7/19,9.4
V3731 Oph,7/12/19,13.3
V1706 Sco,5/13/19,13
Gaia19buy,4/2/19,16.23
V556 Nor,10/13/18,10.16
Gaia18cew,8/13/18,14.9
V3666 Oph,8/8/18,9
V613 Sct,6/29/18,10.3
V408 Lup,6/3/18,9
V392 Per,4/29/18,6.2
V5857 Sgr,4/8/18,10.8
TCP J07134590-2112330,3/24/18,12
V906 Car,3/22/18,5.9
V3665 Oph,3/10/18,9.4
V1663 Sco,2/24/18,12.3
V1662 Sco,2/6/18,10.1
Nova Circini 2018,1/19/18,5.9
V1661 Sco,1/17/18,10.2
V357 Mus,1/14/18,6.5
V3663 Oph,11/11/17,9.4
ASASSN-17no,10/17/17,14.1
V1660 Sco,10/14/17,13
V3664 Oph,10/2/17,12.5
V549 Vel,9/24/17,9.3
V612 Sct,6/19/17,8.5
V1405 Cen,5/17/17,10.9
V3662 Oph,5/8/17,14.1
V1657 Sco,2/1/17,11.7
V5856 Sgr,10/25/16,5.4
V5855 Sgr,10/20/16,7.3
V407 Lup,9/24/16,5.6
V1659 Sco,9/7/16,12.3
V611 Sct,9/7/16,13.4
V1656 Sco,9/6/16,11.4
V5853 Sgr,8/6/16,10.7
V5854 Sgr,7/12/16,13.31 (I)
V1655 Sco,6/10/16,10.4
V555 Nor,3/8/16,12.43
V5850 Sgr,10/31/15,11.3
V2949 Oph,10/11/15,11.7
V1831 Aql,10/5/15,14.7
V5669 Sgr,9/27/15,8.7
V2944 Oph,3/29/15,11.9
V5668 Sgr,3/15/15,4
V1658 Sco,2/15/15,12.7 (I)
V5667 Sgr,2/12/15,9
V1535 Sco,2/11/15,8.2
V2659 Cyg,3/31/14,10.9
V1534 Sco,3/26/14,10.1
V962 Cep,3/8/14,11
V745 Sco,2/6/14,9
V5666 Sgr,1/26/14,8.7
V1369 Cen,12/2/13,3.3
V556 Ser,11/24/13,11.7
V1830 Aql,10/28/13,13.5
V339 Del,8/14/13,4.3
V1533 Sco,6/3/13,11.3
V809 Cep,2/2/13,9.8
V1724 Aql,10/20/12,11.2
V959 Mon,8/9/12,9.4 ?
V946 Car,7/24/12,9.5 (P)
V5593 Sgr,7/16/12,12.2
V5592 Sgr,7/7/12,7.7
V5591 Sgr,6/26/12,9
V1324 Sco,5/22/12,9
V2677 Oph,5/19/12,9.5
V5590 Sgr,5/8/12,12.5
V5863 Sgr,5/2/12,12.5 (I)
V5589 Sgr,4/21/12,9
V1428 Cen,4/4/12,9
V2676 Oph,3/25/12,10.9
V1368 Cen,3/23/12,8.4
V834 Car,2/26/12,10.5
V1703 Sco,9/26/12,Ic=10.2
V1313 Sco,9/6/11,9.1
PNV J14542000-5505030,8/4/11,8.5
V1312 Sco,6/1/11,9.5
V5588 Sgr,3/27/11,11.7
V5587 Sgr,1/25/11,11
V1723 Aql,9/11/10,12.4
V1311 Sco,4/25/10,8.6
V5586 Sgr,4/23/10,11.2
V407 Cyg,3/10/10,6.8
V6345 Sgr,3/24/10,4.96 (w1)
V1310 Sco,2/20/10,10.5
V2674 Oph,2/18/10,9.4
V5585 Sgr,1/20/10,8.5
V2673 Oph,1/15/10,8.8
V1722 Aql,12/14/09,10.9
KT Eri,11/25/09,5.4
V496 Sct,10/8/09,8.8
V5584 Sgr,10/26/09,9.3
V2672 Oph,8/16/09,10
V5583 Sgr,8/6/09,7.7
V1213 Cen,5/8/09,8.5
V5581 Sgr,4/18/09,12.5
V5582 Sgr,2/23/09,11.5
V5580 Sgr,11/29/08,8
V679 Car,11/26/08,7.55
V1375 Cen,11/23/08,10.5 ?
QY Mus,9/28/08,8.6
V1721 Aql,9/22/08,14
V1309 Sco,9/2/08,9.5
V2671 Oph,5/31/08,11.3
V2670 Oph,5/25/08,10.3
V5579 Sgr,4/18/08,8.4
V2491 Cyg,4/10/08,7.1
NR TrA,4/1/08,9.2
V2468 Cyg,3/7/08,7.4
V3661 Oph,3/11/16,
V5850 Sgr,10/31/15,
V2949 Oph,10/11/15,
V1831 Aql,10/5/15,
V5669 Sgr,9/27/15,
V2944 Oph,3/29/15,
V5668 Sgr,3/15/15,
V5667 Sgr,2/12/15,
V1535 Sco,2/11/15,
V2659 Cyg,3/31/14,
V1534 Sco,3/26/14,
V962 Cep,3/8/14,
V5666 Sgr,1/26/14,
V1369 Cen,12/2/13,
V556 Ser,11/24/13,
V1830 Aql,10/28/13,
V339 Del,8/14/13,
V1533 Sco,6/3/13,
V809 Cep,2/2/13,
V1724 Aql,10/20/12,
V959 Mon,8/9/12,
V5593 Sgr,7/16/12,
V5592 Sgr,7/7/12,
V5591 Sgr,6/26/12,
V1324 Sco,5/22/12,
V2677 Oph,5/19/12,
V5590 Sgr,5/8/12,
V5589 Sgr,4/21/12,
V2676 Oph,3/25/12,
V1368 Cen,3/23/12,
V834 Car,2/26/12,
V965 Per,11/7/11,
V1313 Sco,9/6/11,
PR Lup,8/4/11,
V1312 Sco,6/1/11,
V5588 Sgr,3/27/11,
V5587 Sgr,1/25/11,
V1723 Aql,9/11/10,
V1311 Sco,4/25/10,
V5586 Sgr,4/23/10,
V1310 Sco,2/20/10,
V2674 Oph,2/18/10,
V5585 Sgr,1/20/10,
V2673 Oph,1/15/10,
V1722 Aql,12/14/09,
KT Eri,11/25/09,
V5584 Sgr,10/26/09,
V496 Sct,10/8/09,
V2672 Oph,8/16/09,
V5583 Sgr,8/6/09,
V1213 Cen,5/8/09,
V5581 Sgr,4/21/09,
V5582 Sgr,2/23/09,
V5580 Sgr,11/29/08,
V679 Car,11/26/08,
QY Mus,9/28/08,
V1721 Aql,9/22/08,
V1309 Sco,9/2/08,
V1212 Cen,8/26/08,
V2671 Oph,5/31/08,
V2670 Oph,5/25/08,
V5579 Sgr,4/18/08,
V2491 Cyg,4/10/08,
NR TrA,4/1/08,
V2468 Cyg,3/7/08,
V459 Vul,12/25/07,
V597 Pup,8/14/07,
V598 Pup,8/8/07,
V458 Vul,8/4/07,
V390 Nor,6/15/07,
V5558 Sgr,4/14/07,
V2615 Oph,3/19/07,
V2467 Cyg,3/15/07,
V1281 Sco,2/19/07,
V1280 Sco,2/4/07,
V1065 Cen,1/23/07,
V2576 Oph,4/6/06,
V2362 Cyg,4/2/06,
V5117 Sgr,2/17/06,
V2575 Oph,2/9/06,
V477 Sct,10/11/05,
V476 Sct,9/30/05,
V1047 Cen,8/1/05,
V1188 Sco,7/25/05,
V5116 Sgr,7/4/05,
V1663 Aql,6/9/05,
V5115 Sgr,3/28/05,
V378 Ser,3/21/05,
V382 Nor,3/13/05,
V2361 Cyg,2/10/05,
V574 Pup,11/20/04,
V1187 Sco,8/3/04,
V1186 Sco,7/3/04,
V2574 Oph,4/14/04,
V5114 Sgr,3/15/04,
DE Cir,10/9/03,
V5113 Sgr,9/17/03,
V475 Sct,8/28/03,
V2573 Oph,7/10/03,
V4745 Sgr,4/25/03,
V4744 Sgr,10/25/02,
V4743 Sgr,9/20/02,
V4742 Sgr,9/15/02,
V4741 Sgr,4/15/02,
V2540 Oph,1/24/02,
IM Nor,1/3/02,
V1039 Cen,10/1/01,
V4740 Sgr,9/5/01,
V4739 Sgr,8/26/01,
V2275 Cyg,8/18/01,
V2274 Cyg,7/13/01,
V1178 Sco,5/13/01,
V1548 Aql,5/11/01,
V4643 Sgr,2/24/01,
V445 Pup,11/22/00,
CI Aql,4/28/00,
V463 Sct,3/5/00,
V4642 Sgr,2/4/00,
V1494 Aql,12/1/99,
DD Cir,8/23/99,
V1493 Aql,7/13/99,
V382 Vel,5/22/99,
V4444 Sgr,4/25/99,
LZ Mus,12/29/98,
V1142 Sco,10/21/98,
V2487 Oph,6/15/98,
V4633 Sgr,3/22/98,
V1141 Sco,6/5/97,
CP Cru,8/26/96,
V4361 Sgr,7/11/96,
V723 Cas,8/24/95,
V888 Cen,2/23/95,
V1425 Aql,2/7/95,
BY Cir,1/27/95,
V2313 Oph,6/1/94,
V4362 Sgr,5/16/94,
V4332 Sgr,2/24/94,
V705 Cas,12/7/93,
HY Lup,9/19/93,
V4327 Sgr,8/14/93,
V1419 Aql,5/13/93,
V2295 Oph,4/14/93,
V4171 Sgr,10/13/92,
V4169 Sgr,7/9/92,
V992 Sco,5/22/92,
V1974 Cyg,2/19/92,
V4157 Sgr,2/13/92,
V351 Pup,12/27/91,
V444 Sct,8/30/91,
V4160 Sgr,7/29/91,
V2290 Oph,4/11/91,
V2264 Oph,4/11/91,
V868 Cen,4/2/91,
V838 Her,3/24/91,
GU Mus,1/12/91,
VX For,10/27/90,
V344 Pav,7/21/90,
V4338 Sgr,2/23/90,
N Vel,2/22/90,
V443 Sct,9/20/89,
V977 Sco,8/17/89,
V2214 Oph,4/10/88,
PQ And,3/21/88,
QV Vul,11/15/87,
V4135 Sgr,5/18/87,
BW Cir,2/0/1987,
V827 Her,1/25/87,
OS And,12/5/86,
V842 Cen,11/22/86,
N Sgr,10/28/86,
V1819 Cyg,8/4/86,
V840 Cen,1/3/86,
V960 Sco,9/24/85,
V345 Nor,5/28/85,
V344 Nor,1/26/85,
QU Vul,12/18/84,
V1378 Aql,12/2/84,
V4092 Sgr,9/25/84,
PW Vul,7/27/84,
V341 Nor,9/19/83,
UW Tri,9/11/83,
GW Lib,8/10/83,
MU Ser,2/22/83,
V4121 Sgr,2/13/83,
GQ Mus,1/18/83,
V4077 Sgr,10/4/82,
V1370 Aql,1/27/82,
V693 CrA,4/2/81,
V1760 Cyg,11/29/80,
V4065 Sgr,10/28/80,
PU Vul,4/5/79,
V1668 Cyg,9/10/78,
V3876 Sgr,4/7/78,
V4049 Sgr,3/8/78,
LW Ser,3/5/78,
V2107 Oph,8/31/77,
QX Nor,8/24/77,
V4021 Sgr,3/27/77,
HS Sge,1/7/77,
NQ Vul,10/21/76,
V2104 Oph,9/23/76,
V1500 Cyg,8/29/75,
V3889 Sgr,7/13/75,
V373 Sct,6/15/75,
V3964 Sgr,6/8/75,
V1301 Aql,6/6/75,
KY TrA,11/12/74,
V400 Per,11/9/74,
V3888 Sgr,10/6/74,
V812 Cen,4/23/73,
N Car,3/22/72,
LS And,8/26/71,
IV Cep,7/10/71,
N Car,2/18/71,
V368 Sct,7/31/70,
V3645 Sgr,7/29/70,
V1330 Cyg,6/8/70,
V1229 Aql,4/14/70,
FH Ser,2/13/70,
V351 Car,/0/1970,
V2572 Sgr,7/8/69,
V2109 Oph,6/21/69,
LU Vul,10/14/68,
V592 Her,6/30/68,
V4027 Sgr,5/17/68,
LV Vul,4/15/68,
HR Del,7/8/67,
V2024 Oph,7/7/67,
V655 CrA,6/30/67,
V632 Her,6/29/67,
V916 Sco,/0/1967,
QZ Aur,11/4/64,
V825 Sco,5/19/64,
HS Pup,14/13/1963,
AS Psc,9/14/63,
NSV09828 Sgr,6/17/63,
V533 Her,2/6/63,
HZ Pup,1/18/63,
N Boo,12/3/62,
AL Com,11/17/61,
V366 Sct,5/22/61,
V1012 Oph,4/20/61,
DZ Ser,7/29/60,
FV Sct,6/29/60,
V1944 Sgr,5/24/60,
V446 Her,3/7/60,
V1235 Oph,8/29/59,
V1548 Oph,6/27/59,
V1195 Oph,4/19/59,
V427 Sct,9/17/58,
V972 Oph,9/18/57,
N Lib,4/20/55,
V1572 Sgr,2/16/55,
V1274 Sgr,8/30/54,
NSV09808 Sco,8/30/54,
V1275 Sgr,7/4/54,
V908 Oph,7/2/54,
V2446 Sgr,8/5/53,
RR Cha,4/8/53,
NSV10158 Sgr,2/10/53,
V411 Car,2/9/53,
V906 Oph,8/22/52,
V723 Sco,8/10/52,
FS Sct,7/19/52,
NSV09663 Sco,4/18/52,
V1174 Sgr,3/29/52,
V722 Sco,3/10/52,
V1175 Sgr,2/21/52,
V2415 Sgr,9/28/51,
V841 Aql,7/10/51,
V1172 Sgr,3/7/51,
V630 Cas,11/14/50,
V721 Sco,9/3/50,
V720 Sco,8/7/50,
V719 Sco,7/20/50,
DK Lac,1/23/50,
EU Sct,8/5/49,
V902 Sco,5/21/49,
V394 CrA,3/23/49,
V365 Car,7/2/48,
V465 Cyg,6/2/48,
CT Ser,4/9/48,
V928 Sgr,5/16/47,
V1151 Sgr,4/17/47,
V1150 Sgr,5/28/46,
V2506 Sgr,4/11/46,
V528 Aql,8/26/45,
V1431 Sgr,8/7/45,
V1149 Sgr,2/16/45,
V696 Sco,5/5/44,
V927 Sgr,4/22/44,
V500 Aql,9/5/43,
V1148 Sgr,8/3/43,
KT Mon,13/2/1942,
CP Pup,11/9/42,
V450 Cyg,9/8/42,
V909 Sgr,7/18/41,
V697 Sco,3/9/41,
V553 Oph,8/3/40,
CQ Vel,4/19/40,
CI Gem,1/3/40,
BT Mon,12/17/39,
V794 Oph,7/15/39,
FU Ori,1/18/39,
V404 Cyg,9/28/38,
NSV11561 Sct,8/3/38,
V733 Sco,6/29/37,
V787 Sgr,5/20/37,
V745 Sco,5/10/37,
V368 Aql,10/7/36,
V630 Sgr,10/3/36,
V990 Sgr,9/21/36,
V356 Aql,9/18/36,
V729 Sco,9/12/36,
CP Lac,6/18/36,
V732 Sgr,6/10/36,
V726 Sgr,4/30/36,
V1310 Sgr,5/14/35,
V744 Sco,2/8/35,
DQ Her,12/12/34,
BD Pav,9/7/34,
CG CMa,1/12/34,
V908 V737,6/30/33,
V1905 Sgr,6/14/32,
V522 Sgr,8/16/31,
MT Cen,5/9/31,
TV Crv,3/23/31,
V441 Sgr,9/12/30,
V359 Cen,4/20/30,
HV Vir,2/1/29,
V1583 Sgr,7/24/28,
KP Sco,6/21/28,
XX Tau,11/18/27,
V363 Sgr,9/30/27,
EL Aql,7/30/27,
X Cir,17/21/1926,
EY Aql,9/8/26,
FM Sgr,7/16/26,
KY Sgr,6/14/26,
DO Aql,9/14/25,
RR Pic,5/25/25,
FL Sgr,5/13/24,
GR Sgr,4/30/24,
V707 Sco,7/11/22,
V476 Cyg,8/20/20,
HR Lyr,12/6/19,
V849 Oph,8/20/19,
V605 Aql,7/4/19,
V1017 Sgr,3/11/19,
V603 Aql,6/8/18,
RZ Leo,3/13/18,
GI Mon,2/4/18,
BS Sgr,7/17/17,
V840 Oph,4/25/17,
SS Sge,6/0/1916,
GR Ori,1/30/16,
GL Sct,5/9/15,
V1012 Sgr,8/12/14,
V949 Sgr,7/16/14,
AI Cir,6/13/14,
WZ Sge,11/22/13,
V941 Sgr,6/21/12,
DN Gem,3/12/12,
UW Per,1/12/12,
DI Lac,12/30/10,
OY Ara,4/4/10,
V999 Sgr,3/21/10,
VY Aqr,8/12/07,
V711 Sco,4/24/06,
AR Cir,2/14/06,
CN Vel,12/5/05,
SV Ari,11/6/05,
V604 Aql,8/31/05,
V1015 Sgr,8/18/05,
V607 Aql,7/6/04,
DM Gem,3/16/03,
DY Pup,11/19/02,
V382 Sco,9/2/01,
V1014 Sgr,5/22/01,
GK Per,2/21/01,
V1016 Sgr,10/13/1899,
V606 Aql,4/21/1899,
V1059 Sgr,3/8/1898,
RS Oph,/0/1898,
RR Tel,/0/1898,
LQ Sgr,9/21/1897,
RS Car,4/8/1895,
IL Nor,7/10/1893,
mp? NSV07542,7/1/1893,
V384 Sco,4/30/1893,
NSV03313 Gem,8/13/1892,
V360 Her,7/8/1892,
T Aur,13/31/1891,
V Per,12/19/1887,
AB Boo,5/30/1877,
Q Cyg,11/24/1876,
T CrB,5/12/1866,
U Sco,5/20/1863,
V728 Sco,10/4/1862,
M80 T,5/21/1860,
T Boo,4/9/1860,
VZ Gem,3/31/1856,
U Leo,1/18/1855,
SU Ari,9/4/1854,
SZ Per,11/30/1853,
NSV00856 Tri,9/30/1853,
V841 Oph,4/27/1848,
V529 Ori,3/28/1678,
NSV03846 Pup,1/12/1673,
CK Vul,6/20/1670,
